시퀀스,종목코드,종목명,분류체계,수익률(최근 1년),기초지수,추적오차,순자산총액,괴리율,변동성,표준코드,한글종목명,한글종목약명,영문종목명,상장일,기초지수명,지수산출기관,추적배수,복제방법,기초시장분류,기초자산분류,상장좌수,운용사,CU수량,총보수,과세유형
108,228790,TIGER 화장품,주식-업종섹터-업종테마,17.1,WISE 화장품 지수,0.34,231370365964.0,0.07,매우높음,KR7228790002,미래에셋 TIGER 화장품 증권상장지수투자신탁(주식),TIGER 화장품,MIRAE ASSET TIGER COSMETICS ETF,2015/10/07,WISE 화장품 지수,WiseFn,일반,실물(패시브),국내,주식,62490000,미래에셋자산운용,30000,0.5,비과세
54,138540,TIGER 현대차그룹+펀더멘털,주식-전략-기업그룹,6.4,MKF 현대차그룹+ FW,2.06,86500072458.0,-0.28,매우높음,KR7138540000,미래에셋 TIGER 현대차그룹+ 증권상장지수투자신탁(주식),TIGER 현대차그룹+펀더멘털,MIRAE ASSET TIGER HYUNDAI MOTOR GROUP+ ETF,2011/03/10,MKF 현대차그룹+ FW,FnGuide,일반,실물(패시브),국내,주식,2620000,미래에셋자산운용,20000,0.15,비과세
66,143860,TIGER 헬스케어,주식-업종섹터-헬스케어,15.79,KRX 헬스케어,0.35,227372929059.0,0.02,매우높음,KR7143860005,미래에셋 TIGER 헬스케어 증권상장지수투자신탁(주식),TIGER 헬스케어,MIRAE ASSET TIGER HEALTH CARE ETF,2011/07/18,KRX 헬스케어,KRX,일반,실물(패시브),국내,주식,6100000,미래에셋자산운용,20000,0.4,비과세
314,449680,TIGER 한중전기차(합성),주식-업종섹터-업종테마,-12.35,KRX CSI 한·중 전기차지수,0.37,6445898790.0,0.61,매우높음,KR7449680008,미래에셋 TIGER 한중전기차증권상장지수투자신탁(주식-파생형)(합성),TIGER 한중전기차(합성),MIRAE ASSET TIGER SYNTH KOREA-CHINA EV ETF,2022/12/22,KRX CSI 한·중 전기차지수,KRX,일반,합성(패시브),국내&해외,주식,850000,미래에셋자산운용,10000,0.35,배당소득세(보유기간과세)
315,449690,TIGER 한중반도체(합성),주식-업종섹터-업종테마,20.31,KRX CSI 한·중 반도체지수,0.33,11537538565.0,1.47,매우높음,KR7449690007,미래에셋 TIGER 한중반도체증권상장지수투자신탁(주식-파생형)(합성),TIGER 한중반도체(합성),MIRAE ASSET TIGER SYNTH KOREA-CHINA SEMICONDUCTOR ETF,2022/12/22,KRX CSI 한·중 반도체지수,KRX,일반,합성(패시브),국내&해외,주식,750000,미래에셋자산운용,10000,0.35,배당소득세(보유기간과세)
251,387280,TIGER 퓨처모빌리티액티브,주식-업종섹터-업종테마,-32.45,FnGuide 퓨처모빌리티 지수,10.89,11425982272.0,-0.48,매우높음,KR7387280001,미래에셋 TIGER 퓨처모빌리티액티브증권상장지수투자신탁(주식),TIGER 퓨처모빌리티액티브,MIRAE ASSET TIGER FUTURE MOBILITY ACTIVE ETF,2021/05/25,FnGuide 퓨처모빌리티 지수,FnGuide,일반,실물(액티브),국내,주식,1940000,미래에셋자산운용,10000,0.77,배당소득세(보유기간과세)
307,447770,TIGER 테슬라채권혼합Fn,혼합자산-주식+채권,28.71,FnGuide 테슬라채권혼합 지수,0.42,482587433498.0,1.15,매우높음,KR7447770009,미래에셋 TIGER 테슬라채권혼합Fn증권상장지수투자신탁(채권혼합),TIGER 테슬라채권혼합Fn,MIRAE ASSET TIGER TESLA Balanced ETF,2022/11/29,FnGuide 테슬라채권혼합 지수,FnGuide,일반,실물(패시브),국내&해외,혼합자산,36150000,미래에셋자산운용,50000,0.25,배당소득세(보유기간과세)
239,376410,TIGER 탄소효율그린뉴딜,주식-전략-전략테마,1.53,KRX/S&P 탄소효율 그린뉴딜지수,0.69,10258607684.0,-0.23,높음,KR7376410007,미래에셋 TIGER 탄소효율그린뉴딜증권상장지수투자신탁(주식),TIGER 탄소효율그린뉴딜,MIRAE ASSET TIGER CARBON EFFICIENT GREEN NEWDEAL ETF,2021/02/05,KRX/S&P 탄소효율 그린뉴딜지수,KRX,일반,실물(패시브),국내,주식,1100000,미래에셋자산운용,100000,0.09,비과세
166,277650,TIGER 코스피중형주,주식-규모-중형주,5.82,코스피 중형주,0.83,4059802180.0,-0.3,높음,KR7277650008,미래에셋 TIGER 코스피중형주증권상장지수투자신탁(주식),TIGER 코스피중형주,MIRAE ASSET TIGER KOSPI MIDCAP ETF,2017/08/31,코스피 중형주,KRX,일반,실물(패시브),국내,주식,250000,미래에셋자산운용,50000,0.24,비과세
165,277640,TIGER 코스피대형주,주식-규모-대형주,4.76,코스피 대형주,0.74,7008678398.0,-0.23,매우높음,KR7277640009,미래에셋 TIGER 코스피대형주증권상장지수투자신탁(주식),TIGER 코스피대형주,MIRAE ASSET TIGER KOSPI LARGECAP ETF,2017/08/31,코스피 대형주,KRX,일반,실물(패시브),국내,주식,500000,미래에셋자산운용,50000,0.24,비과세
88,210780,TIGER 코스피고배당,주식-전략-배당,18.34,코스피 고배당 50,1.86,30908439902.0,-0.24,보통,KR7210780003,미래에셋TIGER코스피고배당증권상장지수투자신탁(주식),TIGER 코스피고배당,MIRAE ASSET TIGER KOSPI HIGH DIVIDEND ETF,2014/12/05,코스피 고배당 50,KRX,일반,실물(패시브),국내,주식,1860000,미래에셋자산운용,30000,0.24,비과세
164,277630,TIGER 코스피,주식-시장대표,4.97,코스피,0.72,179541191441.0,-0.22,높음,KR7277630000,미래에셋 TIGER 코스피증권상장지수투자신탁(주식),TIGER 코스피,MIRAE ASSET TIGER KOSPI ETF,2017/08/31,코스피,KRX,일반,실물(패시브),국내,주식,6300000,미래에셋자산운용,50000,0.12,비과세
336,461580,TIGER 코스닥글로벌,주식-시장대표,-2.64,코스닥 글로벌 지수,0.23,5838112902.0,-0.48,매우높음,KR7461580003,미래에셋 TIGER 코스닥글로벌증권상장지수투자신탁(주식),TIGER 코스닥글로벌,MIRAE ASSET TIGER KOSDAQ GLOBAL ETF,2023/06/29,코스닥 글로벌 지수,KRX,일반,실물(패시브),국내,주식,500000,미래에셋자산운용,50000,0.15,비과세
134,250780,TIGER 코스닥150선물인버스,주식-시장대표,5.81,F-코스닥150 지수,0.28,14747987224.0,-0.15,매우높음,KR7250780004,미래에셋 TIGER 코스닥150인버스증권상장지수투자신탁(주식-파생형),TIGER 코스닥150선물인버스,MIRAE ASSET TIGER KOSDAQ150 INVERSE ETF,2016/08/10,F-코스닥150 지수,KRX,1X 인버스,실물(패시브),국내,주식,3850000,미래에셋자산운용,50000,0.32,배당소득세(보유기간과세)
144,261070,TIGER 코스닥150바이오테크,주식-업종섹터-헬스케어,30.0,코스닥 150 헬스케어,0.9,21752546699.0,-0.39,매우높음,KR7261070007,미래에셋 TIGER 코스닥150바이오테크증권상장지수투자신탁(주식),TIGER 코스닥150바이오테크,MIRAE ASSET TIGER KOSDAQ150BIOTECH ETF,2016/12/15,코스닥 150 헬스케어,KRX,일반,실물(패시브),국내,주식,1640000,미래에셋자산운용,20000,0.4,비과세
143,261060,TIGER 코스닥150IT,주식-업종섹터-정보기술,-23.39,코스닥 150 정보기술,0.69,2791696063.0,-0.11,매우높음,KR7261060008,미래에셋 TIGER 코스닥150IT증권상장지수투자신탁(주식),TIGER 코스닥150IT,MIRAE ASSET TIGER KOSDAQ150IT ETF,2016/12/15,코스닥 150 정보기술,KRX,일반,실물(패시브),국내,주식,200000,미래에셋자산운용,20000,0.4,비과세
115,233160,TIGER 코스닥150 레버리지,주식-시장대표,-30.61,코스닥 150,7.09,68273594829.0,-0.03,매우높음,KR7233160001,미래에셋 TIGER 코스닥150 레버리지증권상장지수투자신탁(주식-파생형),TIGER 코스닥150 레버리지,MIRAE ASSET TIGER KOSDAQ150 LEVERAGE ETF,2015/12/17,코스닥 150,KRX,2X 레버리지,실물(패시브),국내,주식,8100000,미래에셋자산운용,50000,0.32,배당소득세(보유기간과세)
114,232080,TIGER 코스닥150,주식-시장대표,-11.52,코스닥 150,0.39,145046791521.0,-0.19,매우높음,KR7232080002,미래에셋 TIGER 코스닥150 증권상장지수투자신탁(주식),TIGER 코스닥150,MIRAE ASSET TIGER KOSDAQ150 ETF,2015/11/12,코스닥 150,KRX,일반,실물(패시브),국내,주식,11600000,미래에셋자산운용,20000,0.19,비과세
357,471780,TIGER 코리아테크액티브,주식-업종섹터-정보기술,-19.14,KRX 정보기술,6.57,8984677115.0,-0.11,매우높음,KR7471780007,미래에셋TIGER 코리아테크액티브증권상장지수투자신탁(주식),TIGER 코리아테크액티브,MIRAE ASSET TIGER Korea Tech Active ETF,2023/11/28,KRX 정보기술,KRX,일반,실물(액티브),국내,주식,1000000,미래에셋자산운용,10000,0.77,배당소득세(보유기간과세)
408,496080,TIGER 코리아밸류업,주식-시장대표,0.0,코리아 밸류업 지수,1.22,171440812958.0,0.06,높음,KR7496080003,미래에셋 TIGER 코리아밸류업증권상장지수투자신탁(주식),TIGER 코리아밸류업,MIRAE ASSET TIGER KOREA VALUE-UP ETF,2024/11/04,코리아 밸류업 지수,KRX,일반,실물(패시브),국내,주식,14650000,미래에셋자산운용,50000,0.008,비과세
23,0052D0,TIGER 코리아배당다우존스,주식-전략-배당,0.0,Dow Jones Korea Dividend 30 지수 (Price Return),1.13,85884143871.0,0.02,높음,KR70052D0006,미래에셋 TIGER 코리아배당다우존스증권상장지수투자신탁(주식),TIGER 코리아배당다우존스,MIRAE ASSET TIGER KOREA DIVIDEND DOW JONES ETF,2025/05/20,Dow Jones Korea Dividend 30 지수 (Price Return),S&P,일반,실물(패시브),국내,주식,8250000,미래에셋자산운용,50000,0.25,비과세
25,0053L0,TIGER 차이나휴머노이드로봇,주식-업종섹터-업종테마,0.0,Mirae Asset China Humanoid Robot 지수(PR),0.77,44758196907.0,1.88,매우높음,KR70053L0005,미래에셋 TIGER 차이나휴머노이드로봇증권상장지수투자신탁(주식),TIGER 차이나휴머노이드로봇,MIRAE ASSET TIGER CHINA HUMANOID ROBOT ETF,2025/05/27,Mirae Asset China Humanoid Robot 지수(PR),Mirae Asset Global Indices,일반,실물(패시브),해외,주식,4750000,미래에셋자산운용,50000,0.49,배당소득세(보유기간과세)
297,438320,TIGER 차이나항셍테크레버리지(합성 H),주식-업종섹터-업종테마,44.86,Hang Seng TECH Index,2.59,36784934063.0,1.82,매우높음,KR7438320004,미래에셋 TIGER 차이나항셍테크레버리지증권상장지수투자신탁(주식혼합-파생)(합성 H),TIGER 차이나항셍테크레버리지(합성 H),MIRAE ASSET TIGER SYNTH-China HSTECH LEVERAGE ETF(H),2022/08/23,Hang Seng TECH Index,HangSeng,2X 레버리지,합성(패시브),해외,주식,4480000,미래에셋자산운용,10000,0.58,배당소득세(보유기간과세)
231,371160,TIGER 차이나항셍테크,주식-업종섹터-업종테마,36.25,Hang Seng TECH Index,0.4,1039653516253.0,1.26,매우높음,KR7371160003,미래에셋 TIGER 차이나항셍테크증권상장지수투자신탁(주식),TIGER 차이나항셍테크,MIRAE ASSET TIGER China Hang Seng TECH ETF,2020/12/16,Hang Seng TECH Index,HangSeng,일반,실물(패시브),해외,주식,133200000,미래에셋자산운용,50000,0.09,배당소득세(보유기간과세)
45,117690,TIGER 차이나항셍30,주식-시장대표,31.86,Hang Seng China (Hong Kong-listed) 30 Index,1.71,12033897788.0,-0.86,매우높음,KR7117690008,미래에셋 TIGER 차이나 증권상장지수투자신탁(주식),TIGER 차이나항셍30,MIRAE ASSET TIGER CHINA ETF,2009/10/21,Hang Seng China (Hong Kong-listed) 30 Index,HangSeng,일반,실물(패시브),해외,주식,600000,미래에셋자산운용,50000,0.4,배당소득세(해외주식투자전용ETF)
19,0047A0,TIGER 차이나테크TOP10,주식-업종섹터-업종테마,0.0,Mirae Asset China Tech Top 10 지수 (Price Return),0.65,73332280441.0,1.75,매우높음,KR70047A0007,미래에셋 TIGER 차이나테크TOP10증권상장지수투자신탁(주식),TIGER 차이나테크TOP10,MIRAE ASSET TIGER CHINA TECH TOP10 ETF,2025/05/13,Mirae Asset China Tech Top 10 지수 (Price Return),Mirae Asset Global Indices,일반,실물(패시브),해외,주식,8200000,미래에셋자산운용,50000,0.49,배당소득세(보유기간과세)
261,396510,TIGER 차이나클린에너지SOLACTIVE,주식-업종섹터-업종테마,-10.92,Solactive China Clean Energy 지수(Net Total Return),1.97,14815360614.0,-1.17,매우높음,KR7396510000,미래에셋 TIGER 차이나클린에너지SOLACTIVE증권상장지수투자신탁(주식-파생형),TIGER 차이나클린에너지SOLACTIVE,MIRAE ASSET TIGER CHINA CLEAN ENERGY SOLACTIVE ETF,2021/08/10,Solactive China Clean Energy 지수(Net Total Return),Solactive,일반,실물(패시브),해외,주식,2760000,미래에셋자산운용,40000,0.49,배당소득세(보유기간과세)
328,456680,TIGER 차이나전기차레버리지(합성),주식-업종섹터-업종테마,19.08,Solactive China Electric Vehicle and Battery Index(Net Total Return),2.81,43078421687.0,-1.37,매우높음,KR7456680008,미래에셋 TIGER 차이나전기차레버리지증권상장지수투자신탁(주식혼합-파생형)(합성),TIGER 차이나전기차레버리지(합성),MIRAE ASSET TIGER SYNTH-China EV LEVERAGE ETF,2023/05/09,Solactive China Electric Vehicle and Battery Index(Net Total Return),Solactive,2X 레버리지,합성(패시브),해외,주식,7480000,미래에셋자산운용,10000,0.58,배당소득세(보유기간과세)
233,371460,TIGER 차이나전기차SOLACTIVE,주식-업종섹터-업종테마,17.55,Solactive China Electric Vehicle and Battery Index(Net Total Return),3.32,1625172082146.0,0.3,매우높음,KR7371460007,미래에셋 TIGER 차이나전기차SOLACTIVE증권상장지수투자신탁(주식-파생형),TIGER 차이나전기차SOLACTIVE,MIRAE ASSET TIGER CHINA ELECTRIC VEHICLE SOLACTIVE ETF,2020/12/08,Solactive China Electric Vehicle and Battery Index(Net Total Return),Solactive,일반,실물(패시브),해외,주식,173920000,미래에셋자산운용,40000,0.49,배당소득세(보유기간과세)
262,396520,TIGER 차이나반도체FACTSET,주식-업종섹터-업종테마,22.64,FactSet China Semiconductor 지수(Net Total Return),11.39,38551921013.0,1.25,매우높음,KR7396520009,미래에셋 TIGER 차이나반도체FACTSET증권상장지수투자신탁(주식-파생형),TIGER 차이나반도체FACTSET,MIRAE ASSET TIGER CHINA SEMICONDUCTOR FACTSET ETF,2021/08/10,FactSet China Semiconductor 지수(Net Total Return),FACTSET,일반,실물(패시브),해외,주식,6080000,미래에셋자산운용,40000,0.49,배당소득세(보유기간과세)
234,371470,TIGER 차이나바이오테크SOLACTIVE,주식-업종섹터-업종테마,26.92,Solactive China Biotech Index(Net Total Return),2.37,41004331158.0,-1.97,매우높음,KR7371470006,미래에셋 TIGER 차이나바이오테크SOLACTIVE증권상장지수투자신탁(주식-파생형),TIGER 차이나바이오테크SOLACTIVE,MIRAE ASSET TIGER CHINA BIOTECH SOLACTIVE ETF,2020/12/08,Solactive China Biotech Index(Net Total Return),Solactive,일반,실물(패시브),해외,주식,5920000,미래에셋자산운용,40000,0.49,배당소득세(보유기간과세)
276,414780,TIGER 차이나과창판STAR50(합성),주식-시장대표,32.29,STAR 50 Index(Price Return),0.28,130392750464.0,-0.91,매우높음,KR7414780007,미래에셋 TIGER 차이나과창판STAR50증권상장지수투자신탁(주식-파생형)(합성),TIGER 차이나과창판STAR50(합성),MIRAE ASSET TIGER SYNTH-CHINA STAR50 ETF,2022/01/13,STAR 50 Index(Price Return),CSI,일반,합성(패시브),해외,주식,17000000,미래에셋자산운용,50000,0.09,배당소득세(보유기간과세)
131,245360,TIGER 차이나HSCEI,주식-시장대표,30.16,Hang Seng China H,1.16,64074266100.0,0.88,매우높음,KR7245360003,미래에셋 TIGER 차이나HSCEI증권상장지수투자신탁(주식-파생형),TIGER 차이나HSCEI,MIRAE ASSET TIGER CHINA H-SHARE ETF,2016/06/16,Hang Seng China H,HangSeng,일반,실물(패시브),해외,주식,5200000,미래에셋자산운용,50000,0.29,배당소득세(해외주식투자전용ETF)
92,217780,TIGER 차이나CSI300인버스(합성),주식-시장대표,-11.07,CSI 300 Index,1.85,12903770016.0,-1.92,높음,KR7217780006,미래에셋TIGER차이나CSI300인버스증권상장지수투자신탁(채권혼합-파생형)(합성),TIGER 차이나CSI300인버스(합성),MIRAE ASSET TIGER SYNTH-CHINA A INVERSE ETF,2015/06/10,CSI 300 Index,CSI,1X 인버스,합성(패시브),해외,주식,1650000,미래에셋자산운용,50000,0.58,배당소득세(보유기간과세)
86,204480,TIGER 차이나CSI300레버리지(합성),주식-시장대표,6.47,CSI 300 Index,3.41,81241137206.0,-1.0,매우높음,KR7204480008,미래에셋TIGER차이나CSI300레버리지증권상장지수투자신탁(주식혼합-파생재간접형)합성,TIGER 차이나CSI300레버리지(합성),MIRAE ASSET TIGER SYNTH-CHINA A LEVERAGE,2014/09/01,CSI 300 Index,CSI,2X 레버리지,합성(패시브),해외,주식,4960000,미래에셋자산운용,20000,0.58,배당소득세(보유기간과세)
79,192090,TIGER 차이나CSI300,주식-시장대표,8.72,CSI 300 Index,4.24,173413203622.0,0.32,매우높음,KR7192090009,미래에셋TIGER차이나CSI300증권상장지수투자신탁(주식-파생형),TIGER 차이나CSI300,MIRAE ASSET TIGER CHINA A300 ETF,2014/02/17,CSI 300 Index,CSI,일반,실물(패시브),해외,주식,18050000,미래에셋자산운용,50000,0.63,배당소득세(해외주식투자전용ETF)
193,307520,TIGER 지주회사,주식-업종섹터-업종테마,29.34,FnGuide 지주회사 지수,1.28,44314361138.0,0.22,매우높음,KR7307520007,미래에셋 TIGER 지주회사증권상장지수투자신탁(주식),TIGER 지주회사,MIRAE ASSET TIGER HOLDINGS COMPANY ETF,2018/11/08,FnGuide 지주회사 지수,FnGuide,일반,실물(패시브),국내,주식,6000000,미래에셋자산운용,50000,0.5,비과세
73,157500,TIGER 증권,주식-업종섹터-금융,66.04,FnGuide 증권 지수,1.89,15323312071.0,0.18,매우높음,KR7157500000,미래에셋 TIGER 증권 증권상장지수투자신탁(주식),TIGER 증권,MIRAE ASSET TIGER SECURITIES ETF,2012/05/16,FnGuide 증권 지수,FnGuide,일반,실물(패시브),국내,주식,2260000,미래에셋자산운용,20000,0.4,비과세
69,150460,TIGER 중국소비테마,주식-전략-전략테마,8.13,FnGuide 중국내수테마 지수,1.3,93165829347.0,-0.03,매우높음,KR7150460004,미래에셋 TIGER 중국소비테마 증권상장지수투자신탁(주식),TIGER 중국소비테마,MIRAE ASSET TIGER CHINA CONSUMER ETF,2011/12/16,FnGuide 중국내수테마 지수,FnGuide,일반,실물(패시브),국내,주식,13170000,미래에셋자산운용,30000,0.5,비과세
403,494670,TIGER 조선TOP10,주식-업종섹터-업종테마,0.0,iSelect 조선TOP10 Index(PR),0.88,294442970633.0,-0.14,매우높음,KR7494670003,미래에셋 TIGER 조선TOP10증권상장지수투자신탁(주식),TIGER 조선TOP10,MIRAE ASSET TIGER Shipbuilding TOP10 ETF,2024/10/22,iSelect 조선TOP10 Index(PR),NH투자증권,일반,실물(패시브),국내,주식,15050000,미래에셋자산운용,50000,0.35,비과세
349,465660,TIGER 일본반도체FACTSET,주식-업종섹터-업종테마,-21.45,FactSet Japan Semiconductor Index(PR),1.93,29530791634.0,1.22,매우높음,KR7465660009,미래에셋 TIGER 일본반도체FACTSET증권상장지수투자신탁(주식),TIGER 일본반도체FACTSET,MIRAE ASSET TIGER Japan Semiconductor FACTSET ETF,2023/09/19,FactSet Japan Semiconductor Index(PR),FACTSET,일반,실물(패시브),해외,주식,2650000,미래에셋자산운용,50000,0.49,배당소득세(보유기간과세)
122,241180,TIGER 일본니케이225,주식-시장대표,4.6,Nikkei 225,2.21,243205659728.0,-0.28,높음,KR7241180009,미래에셋 TIGER 일본니케이225증권상장지수투자신탁(주식-파생형),TIGER 일본니케이225,MIRAE ASSET TIGER NIKKEI225 ETF,2016/03/31,Nikkei 225,Nikkei,일반,실물(패시브),해외,주식,11300000,미래에셋자산운용,20000,0.29,배당소득세(해외주식투자전용ETF)
80,195920,TIGER 일본TOPIX(합성 H),주식-시장대표,0.28,TOPIX,1.84,11932187011.0,-2.03,매우높음,KR7195920004,미래에셋TIGER일본증권상장지수투자신탁(주식-파생형)(합성 H),TIGER 일본TOPIX(합성 H),MIRAE ASSET TIGER SYNTH-JAPAN ETF(H),2014/04/30,TOPIX,TSE(Tokyo Stock Exchange),일반,합성(패시브),해외,주식,500000,미래에셋자산운용,20000,0.24,배당소득세(보유기간과세)
227,365000,TIGER 인터넷TOP10,주식-업종섹터-업종테마,1.06,KRX 인터넷 TOP 10 지수,2.54,93774297182.0,0.27,매우높음,KR7365000009,미래에셋 TIGER 인터넷TOP10 증권상장지수투자신탁(주식),TIGER 인터넷TOP10,MIRAE ASSET TIGER KRX INTERNET K-NEW DEAL ETF,2020/10/07,KRX 인터넷 TOP 10 지수,KRX,일반,실물(패시브),국내,주식,25150000,미래에셋자산운용,50000,0.4,비과세
48,123310,TIGER 인버스,주식-시장대표,-4.99,코스피 200 선물지수,0.8,33521674326.0,0.01,높음,KR7123310005,미래에셋 TIGER 인버스 증권상장지수투자신탁(주식-파생형),TIGER 인버스,MIRAE ASSET TIGER INVERSE ETF,2010/03/29,코스피 200 선물지수,KRX,1X 인버스,실물(패시브),국내,주식,7500000,미래에셋자산운용,100000,0.022,배당소득세(보유기간과세)
371,479730,TIGER 인도빌리언컨슈머,주식-업종섹터,-6.54,Mirae Asset India Billion Consumer 지수,4.46,130883542618.0,0.18,보통,KR7479730004,미래에셋 TIGER 인도빌리언컨슈머증권상장지수투자신탁(주식),TIGER 인도빌리언컨슈머,MIRAE ASSET TIGER INDIA BILLION CONSUMER ETF,2024/05/14,Mirae Asset India Billion Consumer 지수,Mirae Asset Global Indices,일반,실물(패시브),해외,주식,13400000,미래에셋자산운용,50000,0.49,배당소득세(보유기간과세)
117,236350,TIGER 인도니프티50레버리지(합성),주식-시장대표,4.32,Nifty 50 Index,1.45,29863738350.0,0.45,매우높음,KR7236350005,미래에셋 TIGER 인도레버리지증권상장지수투자신탁(주식혼합-파생형)(합성),TIGER 인도니프티50레버리지(합성),MIRAE ASSET TIGER SYNTH-INDIA LEVERAGE ETF,2016/05/13,Nifty 50 Index,NSE(NSE Indices Limited),2X 레버리지,합성(패시브),해외,주식,760000,미래에셋자산운용,20000,0.58,배당소득세(보유기간과세)
325,453870,TIGER 인도니프티50,주식-시장대표,4.97,Nifty 50 Index,0.49,512014330346.0,0.13,보통,KR7453870008,미래에셋 TIGER 인도니프티50증권상장지수투자신탁(주식-파생형),TIGER 인도니프티50,MIRAE ASSET TIGER INDIA NIFTY 50 ETF,2023/04/14,Nifty 50 Index,NSE(NSE Indices Limited),일반,실물(패시브),해외,주식,39150000,미래에셋자산운용,50000,0.19,배당소득세(보유기간과세)
100,225060,TIGER 이머징마켓MSCI레버리지(합성 H),주식-시장대표,10.79,MSCI EM Index,1.79,9484624577.0,-1.13,매우높음,KR7225060003,미래에셋TIGERMSCIEM레버리지증권상장지수투자신탁(주식혼합-파생형)(합성 H),TIGER 이머징마켓MSCI레버리지(합성 H),MIRAE ASSET TIGER SYNTH-MSCI EM LEVERAGE ETF(H),2015/07/29,MSCI EM Index,MSCI,2X 레버리지,합성(패시브),해외,주식,1100000,미래에셋자산운용,20000,0.58,배당소득세(보유기간과세)
192,307510,TIGER 의료기기,주식-업종섹터-업종테마,14.28,FnGuide 의료기기 지수,0.95,7359361723.0,-0.18,매우높음,KR7307510008,미래에셋 TIGER 의료기기증권상장지수투자신탁(주식),TIGER 의료기기,MIRAE ASSET TIGER HEALTHCARE EQUIP ETF,2018/11/08,FnGuide 의료기기 지수,FnGuide,일반,실물(패시브),국내,주식,450000,미래에셋자산운용,50000,0.5,비과세
351,466940,TIGER 은행고배당플러스TOP10,주식-전략-배당,30.51,FnGuide 은행고배당플러스TOP10 지수(시장가격 지수),2.57,381328489061.0,-0.17,매우높음,KR7466940004,미래에셋 TIGER 은행고배당플러스TOP10증권상장지수투자신탁(주식),TIGER 은행고배당플러스TOP10,MIRAE ASSET TIGER Bank High Dividend Plus TOP 10 Fn ETF,2023/10/17,FnGuide 은행고배당플러스TOP10 지수(시장가격 지수),FnGuide,일반,실물(패시브),국내,주식,22650000,미래에셋자산운용,50000,0.3,비과세
30,091220,TIGER 은행,주식-업종섹터-금융,29.49,KRX 은행,2.5,9739890174.0,-0.25,매우높음,KR7091220004,미래에셋 TIGER 은행 증권상장지수투자신탁(주식),TIGER 은행,MIRAE ASSET TIGER BANKS ETF,2006/06/27,KRX 은행,KRX,일반,실물(패시브),국내,주식,940000,미래에셋자산운용,20000,0.46,비과세
130,245350,TIGER 유로스탁스배당30,주식-전략-배당,21.84,Euro STOXX Select Dividend 30,4.13,35894166798.0,0.83,보통,KR7245350004,미래에셋 TIGER 유로스탁스배당30 증권상장지수투자신탁(주식-파생형),TIGER 유로스탁스배당30,MIRAE ASSET TIGER EURO STOXX DIVIDEND 30 ETF,2016/07/01,Euro STOXX Select Dividend 30,STOXX,일반,실물(패시브),해외,주식,2300000,미래에셋자산운용,50000,0.35,배당소득세(해외주식투자전용ETF)
99,225050,TIGER 유로스탁스레버리지(합성 H),주식-시장대표,7.36,EURO STOXX 50 Index,3.52,8423679913.0,-1.46,매우높음,KR7225050004,미래에셋TIGER유로스탁스50레버리지증권상장지수투자신탁(주식혼합-파생형)(합성 H),TIGER 유로스탁스레버리지(합성 H),MIRAE ASSET TIGER SYNTH-EURO STOXX 50 LEVERAGE ETF(H),2015/07/29,EURO STOXX 50 Index,STOXX,2X 레버리지,합성(패시브),해외,주식,650000,미래에셋자산운용,50000,0.58,배당소득세(보유기간과세)
81,195930,TIGER 유로스탁스50(합성 H),주식-시장대표,10.72,EURO STOXX 50 Index,1.11,38395797100.0,-0.08,높음,KR7195930003,미래에셋TIGER유로스탁스50증권상장지수투자신탁(주식-파생형)(합성 H),TIGER 유로스탁스50(합성 H),MIRAE ASSET TIGER SYNTH-EURO STOXX 50 ETF(H),2014/04/30,EURO STOXX 50 Index,STOXX,일반,합성(패시브),해외,주식,1950000,미래에셋자산운용,50000,0.24,배당소득세(보유기간과세)
145,261140,TIGER 우선주,주식-전략-전략테마,1.1,코스피 우선주 지수,2.46,9211536289.0,-0.23,높음,KR7261140008,미래에셋 TIGER 우선주증권상장지수투자신탁(주식),TIGER 우선주,MIRAE ASSET TIGER PREFERRED STOCK ETF,2017/01/06,코스피 우선주 지수,KRX,일반,실물(패시브),국내,주식,780000,미래에셋자산운용,20000,0.29,비과세
107,227570,TIGER 우량가치,주식-전략-가치,23.38,FnGuide 퀄리티밸류 지수,1.35,6929283590.0,0.17,보통,KR7227570009,미래에셋 TIGER 우량가치 증권상장지수투자신탁(주식),TIGER 우량가치,MIRAE ASSET TIGER QUALITY VALUE ETF,2015/09/23,FnGuide 퀄리티밸류 지수,FnGuide,일반,실물(패시브),국내,주식,480000,미래에셋자산운용,30000,0.35,비과세
109,228800,TIGER 여행레저,주식-업종섹터-업종테마,-2.21,WISE 여행레저 지수,0.93,109735756616.0,-0.4,높음,KR7228800009,미래에셋 TIGER 여행레저 증권상장지수투자신탁(주식),TIGER 여행레저,MIRAE ASSET TIGER TOUR LEISURE ETF,2015/10/07,WISE 여행레저 지수,WiseFn,일반,실물(패시브),국내,주식,32880000,미래에셋자산운용,30000,0.5,비과세
1,0000D0,TIGER 엔비디아미국채커버드콜밸런스(합성),혼합자산-주식+채권,0.0,KEDI 엔비디아미국채30년타겟커버드콜혼합지수(TR),0.28,44699348531.0,-0.89,높음,KR70000D0009,미래에셋 TIGER NVDA-UST커버드콜증권상장지수투자신탁(채권혼합-파생재간접형)(합성),TIGER 엔비디아미국채커버드콜밸런스(합성),MIRAE ASSET TIGER SYNTH-NVIDIA US Treasury Covered Call Balanced ETF,2024/12/17,KEDI 엔비디아미국채30년타겟커버드콜혼합지수(TR),한국경제신문,일반,합성(패시브),해외,혼합자산,5000000,미래에셋자산운용,50000,0.39,배당소득세(보유기간과세)
72,157490,TIGER 소프트웨어,주식-업종섹터-정보기술,2.61,FnGuide 소프트웨어 지수,0.31,146526179613.0,0.06,매우높음,KR7157490004,미래에셋 TIGER 소프트웨어 증권상장지수투자신탁(주식),TIGER 소프트웨어,MIRAE ASSET TIGER SOFTWARE ETF,2012/05/16,FnGuide 소프트웨어 지수,FnGuide,일반,실물(패시브),국내,주식,18280000,미래에셋자산운용,20000,0.4,비과세
52,138520,TIGER 삼성그룹펀더멘털,주식-전략-기업그룹,0.2,MKF SAMs FW,0.77,201401848684.0,-0.33,높음,KR7138520002,미래에셋 TIGER 삼성그룹 증권상장지수투자신탁(주식),TIGER 삼성그룹펀더멘털,MIRAE ASSET TIGER SAMSUNG GROUP ETF,2011/03/07,MKF SAMs FW,FnGuide,일반,실물(패시브),국내,주식,15660000,미래에셋자산운용,20000,0.113,비과세
359,472150,TIGER 배당커버드콜액티브,주식-전략-구조화,-1.27,코스피 200 커버드콜 5% OTM,3.14,98600952840.0,-0.28,높음,KR7472150002,미래에셋TIGER배당커버드콜액티브증권상장지수투자신탁(주식),TIGER 배당커버드콜액티브,MIRAE ASSET TIGER DIVIDEND COVERED CALL ACTIVE,2023/12/12,코스피 200 커버드콜 5% OTM,KRX,일반,실물(액티브),국내,주식,9050000,미래에셋자산운용,10000,0.5,배당소득세(보유기간과세)
89,211560,TIGER 배당성장,주식-전략-배당,17.87,코스피 배당성장 50,1.5,33780659412.0,0.18,높음,KR7211560008,미래에셋TIGER배당성장증권상장지수투자신탁(주식),TIGER 배당성장,MIRAE ASSET TIGER DIVIDEND GROWTH ETF,2014/12/17,코스피 배당성장 50,KRX,일반,실물(패시브),국내,주식,1500000,미래에셋자산운용,30000,0.115,비과세
32,098560,TIGER 방송통신,주식-업종섹터-경기소비재,20.18,KRX 방송통신,2.07,2874045825.0,0.33,보통,KR7098560006,미래에셋 TIGER 방송통신증권상장지수투자신탁(주식),TIGER 방송통신,MIRAE ASSET TIGER MEDIA&TELECOM ETF,2007/09/07,KRX 방송통신,KRX,일반,실물(패시브),국내,주식,340000,미래에셋자산운용,20000,0.46,비과세
391,488080,TIGER 반도체TOP10레버리지,주식-업종섹터-업종테마,0.0,FnGuide 반도체TOP10 지수,4.31,27257200265.0,-0.61,매우높음,KR7488080003,미래에셋 TIGER 반도체TOP10레버리지증권상장지수투자신탁(주식-파생형),TIGER 반도체TOP10레버리지,MIRAE ASSET TIGER Semiconductor TOP 10 Leverage ETF,2024/07/23,FnGuide 반도체TOP10 지수,FnGuide,2X 레버리지,실물(패시브),국내,주식,5000000,미래에셋자산운용,50000,0.49,배당소득세(보유기간과세)
31,091230,TIGER 반도체,주식-업종섹터-정보기술,-20.11,KRX 반도체,0.43,245787605344.0,0.1,매우높음,KR7091230003,미래에셋 TIGER 반도체 증권상장지수투자신탁(주식),TIGER 반도체,MIRAE ASSET TIGER SEMICON ETF,2006/06/27,KRX 반도체,KRX,일반,실물(패시브),국내,주식,7220000,미래에셋자산운용,20000,0.46,비과세
224,364970,TIGER 바이오TOP10,주식-업종섹터-업종테마,14.79,KRX 바이오 TOP 10 지수,0.76,145102984700.0,-0.24,매우높음,KR7364970004,미래에셋 TIGER 바이오TOP10 증권상장지수투자신탁(주식),TIGER 바이오TOP10,MIRAE ASSET TIGER KRX BIO K-NEW DEAL ETF,2020/10/07,KRX 바이오 TOP 10 지수,KRX,일반,실물(패시브),국내,주식,19750000,미래에셋자산운용,50000,0.4,비과세
110,228810,TIGER 미디어컨텐츠,주식-업종섹터-업종테마,34.99,WISE 미디어컨텐츠 지수,0.67,146180460890.0,0.24,매우높음,KR7228810008,미래에셋 TIGER 미디어컨텐츠 증권상장지수투자신탁(주식),TIGER 미디어컨텐츠,MIRAE ASSET TIGER MEDIA CONTENTS ETF,2015/10/07,WISE 미디어컨텐츠 지수,WiseFn,일반,실물(패시브),국내,주식,20430000,미래에셋자산운용,30000,0.44,비과세
284,423920,TIGER 미국필라델피아반도체레버리지(합성),주식-업종섹터,-28.19,PHLX Semiconductor Sector Index,1.84,201930584368.0,-0.34,매우높음,KR7423920008,미래에셋TIGER필라델피아반도체레버리지증권상장지수투자신탁(주식혼합-파생형)(합성),TIGER 미국필라델피아반도체레버리지(합성),MIRAE ASSET TIGER SYNTH-US PHLX Semiconductor Sector LEVERAGE ETF,2022/04/19,PHLX Semiconductor Sector Index,NASDAQ,2X 레버리지,합성(패시브),해외,주식,10490000,미래에셋자산운용,10000,0.58,배당소득세(보유기간과세)
245,381180,TIGER 미국필라델피아반도체나스닥,주식-업종섹터,-4.22,PHLX Semiconductor Sector Index,0.55,2424920626234.0,-0.14,매우높음,KR7381180009,미래에셋 TIGER 미국필라델피아반도체나스닥증권상장지수투자신탁(주식),TIGER 미국필라델피아반도체나스닥,MIRAE ASSET TIGER US PHLX Semiconductor Sector Nasdaq ETF,2021/04/09,PHLX Semiconductor Sector Index,NASDAQ,일반,실물(패시브),해외,주식,135350000,미래에셋자산운용,50000,0.49,배당소득세(보유기간과세)
412,497570,TIGER 미국필라델피아AI반도체나스닥,주식-업종섹터-업종테마,0.0,PHLX US AI Semiconductor 지수 (PR),0.42,349106673485.0,-0.1,매우높음,KR7497570002,미래에셋 TIGER 미국필라델피아AI반도체나스닥증권상장지수투자신탁(주식),TIGER 미국필라델피아AI반도체나스닥,MIRAE ASSET TIGER PHLX US AI Semiconductor ETF,2024/11/26,PHLX US AI Semiconductor 지수 (PR),NASDAQ,일반,실물(패시브),해외,주식,33800000,미래에셋자산운용,50000,0.49,배당소득세(보유기간과세)
365,474220,TIGER 미국테크TOP10타겟커버드콜,주식-전략-구조화,5.53,Bloomberg U.S. Tech Top10+10% Premium Covered Call Index,0.75,471628755898.0,-0.08,매우높음,KR7474220001,미래에셋TIGER미국테크TOP10타겟커버드콜증권상장지수투자신탁(주식-파생형),TIGER 미국테크TOP10타겟커버드콜,MIRAE ASSET TIGER US TECH TOP10 TARGET COVERED CALL,2024/01/16,Bloomberg U.S. Tech Top10+10% Premium Covered Call Index,Bloomberg,일반,실물(패시브),해외,주식,37400000,미래에셋자산운용,50000,0.5,배당소득세(보유기간과세)
361,472170,TIGER 미국테크TOP10채권혼합,혼합자산-주식+채권,8.26,FnGuide 미국테크TOP10 채권혼합지수,0.22,208862969405.0,0.03,보통,KR7472170000,미래에셋 TIGER 미국테크TOP10채권혼합증권상장지수투자신탁(채권혼합),TIGER 미국테크TOP10채권혼합,MIRAE ASSET TIGER US Tech Top10 Balanced ETF,2023/12/05,FnGuide 미국테크TOP10 채권혼합지수,FnGuide,일반,실물(패시브),국내&해외,혼합자산,16700000,미래에셋자산운용,50000,0.25,배당소득세(보유기간과세)
360,472160,TIGER 미국테크TOP10 INDXX(H),주식-업종섹터-업종테마,15.63,Indxx US Tech Top 10 Index,0.53,300742212939.0,-0.14,매우높음,KR7472160001,미래에셋 TIGER 미국테크TOP10 INDXX증권상장지수투자신탁(주식)(H),TIGER 미국테크TOP10 INDXX(H),MIRAE ASSET TIGER US Tech Top10 INDXX ETF(H),2023/12/05,Indxx US Tech Top 10 Index,Indxx,일반,실물(패시브),해외,주식,20750000,미래에셋자산운용,50000,0.49,배당소득세(보유기간과세)
244,381170,TIGER 미국테크TOP10 INDXX,주식-업종섹터-업종테마,17.31,Indxx US Tech Top 10 Index,0.15,3124970652134.0,-0.17,매우높음,KR7381170000,미래에셋 TIGER 미국테크TOP10 INDXX증권상장지수투자신탁(주식),TIGER 미국테크TOP10 INDXX,MIRAE ASSET TIGER US Tech TOP10 INDXX ETF,2021/04/09,Indxx US Tech Top 10 Index,Indxx,일반,실물(패시브),해외,주식,136350000,미래에셋자산운용,50000,0.49,배당소득세(보유기간과세)
350,465670,TIGER 미국캐시카우100,주식-전략-전략테마,1.12,Global X U.S. Cash Flow Kings 100 Index(TR),0.31,12335937721.0,-0.07,높음,KR7465670008,미래에셋 TIGER 미국캐시카우100증권상장지수투자신탁(주식),TIGER 미국캐시카우100,MIRAE ASSET TIGER U.S. Cash Cow 100 ETF,2023/09/19,Global X U.S. Cash Flow Kings 100 Index(TR),Mirae Asset Global Indices,일반,실물(패시브),해외,주식,1050000,미래에셋자산운용,50000,0.25,배당소득세(보유기간과세)
7,0015K0,TIGER 미국소비트렌드액티브,주식-업종섹터-업종테마,0.0,Mirae Asset US Consumer Trend 지수 (Net Total Return),15.37,8097094237.0,-0.77,매우높음,KR70015K0003,미래에셋 TIGER 미국소비트렌드액티브증권상장지수투자신탁(주식),TIGER 미국소비트렌드액티브,Mirae Asset TIGER US Consumer Trend Active ETF,2025/02/18,Mirae Asset US Consumer Trend 지수 (Net Total Return),Mirae Asset Global Indices,일반,실물(액티브),해외,주식,1000000,미래에셋자산운용,10000,0.79,배당소득세(보유기간과세)
332,458760,TIGER 미국배당다우존스타겟커버드콜2호,주식-전략-배당,-9.09,DowJones U.S. Dividend 100 7% Premium Covered Call 지수 (TR),1.39,954714191462.0,0.33,보통,KR7458760006,미래에셋TIGER미국배당다우존스타켓커버드콜2호증권상장지수투자신탁(주식-파생형),TIGER 미국배당다우존스타겟커버드콜2호,MIRAE ASSET TIGER US DIVIDEND TARGET COVERED CALL II,2023/06/20,DowJones U.S. Dividend 100 7% Premium Covered Call 지수 (TR),S&P,일반,실물(패시브),해외,주식,103550000,미래에셋자산운용,50000,0.39,배당소득세(보유기간과세)
331,458750,TIGER 미국배당다우존스타겟커버드콜1호,주식-전략-배당,-4.2,DowJones U.S. Dividend 100 3% Premium Covered Call 지수 (TR),0.69,66611883054.0,0.41,보통,KR7458750007,미래에셋TIGER 미국배당다우존스타겟커버드콜1호증권상장지수투자신탁(주식-파생형),TIGER 미국배당다우존스타겟커버드콜1호,MIRAE ASSET TIGER US DIVIDEND TARGET COVERED CALL I,2023/06/20,DowJones U.S. Dividend 100 3% Premium Covered Call 지수 (TR),S&P,일반,실물(패시브),해외,주식,6450000,미래에셋자산운용,50000,0.39,배당소득세(보유기간과세)
6,0008S0,TIGER 미국배당다우존스타겟데일리커버드콜,주식-전략-배당,0.0,Dow Jones U.S. Dividend 100 10% Daily Premium Covered Call 지수,0.51,154104284223.0,0.33,높음,KR70008S0004,미래에셋 TIGER 미국배당다우존스타겟데일리커버드콜증권상장지수투자신탁(주식),TIGER 미국배당다우존스타겟데일리커버드콜,MIRAE ASSET TIGER US Dividend Dow Jones Target Daily Covered Call ETF,2025/01/21,Dow Jones U.S. Dividend 100 10% Daily Premium Covered Call 지수,S&P,일반,실물(패시브),해외,주식,18250000,미래에셋자산운용,50000,0.25,배당소득세(보유기간과세)
330,458730,TIGER 미국배당다우존스,주식-전략-배당,-0.66,Dow Jones U.S. Dividend 100 Price Return Index,0.4,2004880712153.0,0.07,보통,KR7458730009,미래에셋 TIGER 미국배당다우존스증권상장지수투자신탁(주식),TIGER 미국배당다우존스,MIRAE ASSET TIGER U.S. Dividend Equity ETF,2023/06/20,Dow Jones U.S. Dividend 100 Price Return Index,S&P,일반,실물(패시브),해외,주식,177000000,미래에셋자산운용,50000,0.01,배당소득세(보유기간과세)
404,494840,TIGER 미국방산TOP10,주식-업종섹터-업종테마,0.0,Mirae Asset US Defense Top 10 Index(PR),0.54,20809208651.0,-0.65,높음,KR7494840002,미래에셋 TIGER 미국방산TOP10증권상장지수투자신탁(주식),TIGER 미국방산TOP10,MIRAE ASSET TIGER US DEFENSE TOP 10 ETF,2024/10/29,Mirae Asset US Defense Top 10 Index(PR),Mirae Asset Global Indices,일반,실물(패시브),해외,주식,2050000,미래에셋자산운용,50000,0.45,배당소득세(보유기간과세)
129,245340,TIGER 미국다우존스30,주식-시장대표,7.37,Dow Jones Industrial Average,0.24,103773284468.0,-0.02,보통,KR7245340005,미래에셋 TIGER 미국다우존스30 증권상장지수투자신탁(주식-파생형),TIGER 미국다우존스30,MIRAE ASSET TIGER DOW JONES 30 ETF,2016/07/01,Dow Jones Industrial Average,S&P,일반,실물(패시브),해외,주식,3700000,미래에셋자산운용,20000,0.35,배당소득세(해외주식투자전용ETF)
84,203780,TIGER 미국나스닥바이오,주식-업종섹터-헬스케어,-6.96,NASDAQ Biotechnology 지수(시장가격지수),0.5,52658404747.0,-0.15,매우높음,KR7203780002,미래에셋TIGER나스닥바이오증권상장지수투자신탁(주식),TIGER 미국나스닥바이오,MIRAE ASSET TIGER NASDAQ BIO ETF,2014/08/27,NASDAQ Biotechnology 지수(시장가격지수),NASDAQ,일반,실물(패시브),해외,주식,2520000,미래에셋자산운용,20000,0.3,배당소득세(해외주식투자전용ETF)
288,429010,TIGER 미국나스닥넥스트100,주식-시장대표,11.04,Nasdaq Next Generation 100 지수 (Price Return),0.73,6737257219.0,-0.33,매우높음,KR7429010002,미래에셋 TIGER 미국나스닥넥스트100증권상장지수투자신탁(주식),TIGER 미국나스닥넥스트100,MIRAE ASSET TIGER NASDAQ NEXT 100 ETF,2022/05/17,Nasdaq Next Generation 100 지수 (Price Return),NASDAQ,일반,실물(패시브),해외,주식,500000,미래에셋자산운용,50000,0.49,배당소득세(보유기간과세)
385,486290,TIGER 미국나스닥100타겟데일리커버드콜,주식-전략-구조화,0.0,NASDAQ 100 Daily Covered Call Target Premium 15% 지수(TR),0.3,738572944443.0,-0.21,매우높음,KR7486290000,미래에셋TIGER미국나스닥100타겟데일리커버드콜증권상장지수투자신탁(주식),TIGER 미국나스닥100타겟데일리커버드콜,MIRAE ASSET TIGER US NASDAQ100 TARGET DAILY COVERED CALL,2024/06/25,NASDAQ 100 Daily Covered Call Target Premium 15% 지수(TR),NASDAQ,일반,실물(패시브),해외,주식,79650000,미래에셋자산운용,50000,0.25,배당소득세(보유기간과세)
300,441680,TIGER 미국나스닥100커버드콜(합성),주식-전략-구조화,-6.6,Cboe Nasdaq-100 BuyWrite V2 지수 (Total Return),0.21,376753343013.0,-0.28,높음,KR7441680006,미래에셋 TIGER 미국나스닥100커버드콜증권상장지수투자신탁(주식-파생형)(합성),TIGER 미국나스닥100커버드콜(합성),MIRAE ASSET TIGER SYNTH-Nasdaq100 Covered Call ETF,2022/09/22,Cboe Nasdaq-100 BuyWrite V2 지수 (Total Return),NASDAQ,일반,합성(패시브),해외,주식,38750000,미래에셋자산운용,50000,0.37,배당소득세(보유기간과세)
294,435420,TIGER 미국나스닥100채권혼합Fn,혼합자산-주식+채권,6.66,FnGuide 나스닥100 채권혼합 지수(총수익 지수),0.21,193502386180.0,0.0,매우낮음,KR7435420005,미래에셋 TIGER 미국나스닥100채권혼합Fn증권상장지수투자신탁(채권혼합),TIGER 미국나스닥100채권혼합Fn,MIRAE ASSET TIGER NASDAQ100 BALANCED ETF,2022/07/06,FnGuide 나스닥100 채권혼합 지수(총수익 지수),FnGuide,일반,실물(패시브),국내&해외,혼합자산,15000000,미래에셋자산운용,50000,0.25,배당소득세(보유기간과세)
280,418660,TIGER 미국나스닥100레버리지(합성),주식-시장대표,21.47,NASDAQ 100,2.07,172403953894.0,-0.31,매우높음,KR7418660007,미래에셋 TIGER 미국나스닥100레버리지증권상장지수투자신탁(주식혼합-파생형)(합성),TIGER 미국나스닥100레버리지(합성),MIRAE ASSET TIGER SYNTH-NASDAQ 100 LEVERAGE ETF,2022/02/22,NASDAQ 100,NASDAQ,2X 레버리지,합성(패시브),해외,주식,7400000,미래에셋자산운용,50000,0.25,배당소득세(보유기간과세)
377,483240,TIGER 미국나스닥100ETF선물,주식-시장대표,0.0,KRX 나스닥 100 ETF 선물지수,3.3,20243645121.0,0.43,매우높음,KR7483240008,미래에셋 TIGER 미국나스닥100ETF선물증권상장지수투자신탁(주식-파생형),TIGER 미국나스닥100ETF선물,MIRAE ASSET TIGER NASDAQ 100 ETF Futures ETF,2024/11/19,KRX 나스닥 100 ETF 선물지수,KRX,일반,실물(패시브),국내,주식,2000000,미래에셋자산운용,50000,0.009,배당소득세(보유기간과세)
309,448300,TIGER 미국나스닥100(H),주식-시장대표,14.11,NASDAQ 100,0.4,266175885855.0,-0.04,매우높음,KR7448300004,미래에셋 TIGER 미국나스닥100증권상장지수투자신탁(주식-파생형)(H),TIGER 미국나스닥100(H),MIRAE ASSET TIGER NASDAQ 100 ETF(H),2022/11/25,NASDAQ 100,NASDAQ,일반,실물(패시브),해외,주식,15300000,미래에셋자산운용,50000,0.07,배당소득세(보유기간과세)
51,133690,TIGER 미국나스닥100,주식-시장대표,14.42,NASDAQ 100,0.19,4952428034354.0,-0.11,매우높음,KR7133690008,미래에셋 TIGER 미국나스닥100증권상장지수투자신탁(주식),TIGER 미국나스닥100,MIRAE ASSET TIGER NASDAQ100 ETF,2010/10/18,NASDAQ 100,NASDAQ,일반,실물(패시브),해외,주식,37780000,미래에셋자산운용,10000,0.7,배당소득세(해외주식투자전용ETF)
376,482730,TIGER 미국S&P500타겟데일리커버드콜,주식-전략-구조화,0.74,S&P500 10% Daily Premium Covered Call Index(TR),0.22,306106941512.0,-0.16,높음,KR7482730009,미래에셋TIGER미국S&P500타겟데일리커버드콜증권상장지수투자신탁(주식),TIGER 미국S&P500타겟데일리커버드콜,MIRAE ASSET TIGER US S&P500 TARGET DAILY COVERED CALL,2024/05/21,S&P500 10% Daily Premium Covered Call Index(TR),S&P,일반,실물(패시브),해외,주식,30050000,미래에셋자산운용,50000,0.25,배당소득세(보유기간과세)
97,225030,TIGER 미국S&P500선물인버스(H),주식-시장대표,-9.83,S&P 500 Futures Total Return Index,0.55,6774222598.0,0.25,높음,KR7225030006,미래에셋TIGERS&P500인버스선물증권상장지수투자신탁(주식-파생형)(H),TIGER 미국S&P500선물인버스(H),MIRAE ASSET TIGER S&P500 INVERSE ETF(H),2015/07/29,S&P 500 Futures Total Return Index,S&P,1X 인버스,실물(패시브),해외,주식,2400000,미래에셋자산운용,50000,0.59,배당소득세(보유기간과세)
65,143850,TIGER 미국S&P500선물(H),주식-시장대표,8.59,S&P 500 Futures Index(ER),0.96,135325949508.0,-0.07,높음,KR7143850006,미래에셋 TIGER S&P500선물 증권상장지수투자신탁(주식-파생형),TIGER 미국S&P500선물(H),MIRAE ASSET TIGER S&P500 FUTURES ETF,2011/07/18,S&P 500 Futures Index(ER),S&P,일반,실물(패시브),해외,주식,2125000,미래에셋자산운용,25000,0.23,배당소득세(보유기간과세)
287,429000,TIGER 미국S&P500배당귀족,주식-전략-배당,1.23,S&P 500 Dividend Aristocrats 지수 (Price Return),0.3,106201488068.0,0.06,보통,KR7429000003,미래에셋 TIGER 미국S&P500배당귀족증권상장지수투자신탁(주식),TIGER 미국S&P500배당귀족,MIRAE ASSET TIGER S&P500 DIVIDEND ARISTOCRATS ETF,2022/05/17,S&P 500 Dividend Aristocrats 지수 (Price Return),S&P,일반,실물(패시브),해외,주식,9200000,미래에셋자산운용,50000,0.25,배당소득세(보유기간과세)
98,225040,TIGER 미국S&P500레버리지(합성 H),주식-시장대표,15.27,S&P 500,1.02,54998773652.0,-0.12,매우높음,KR7225040005,미래에셋TIGERS&P500레버리지증권상장지수투자신탁(주식혼합-파생형)(합성 H),TIGER 미국S&P500레버리지(합성 H),MIRAE ASSET TIGER SYNTH-S&P500 LEVERAGE ETF(H),2015/07/29,S&P 500,S&P,2X 레버리지,합성(패시브),해외,주식,1240000,미래에셋자산운용,20000,0.27,배당소득세(보유기간과세)
392,488500,TIGER 미국S&P500동일가중,주식-시장대표,0.0,S&P 500 Equal Weight Index(PR),0.23,139330145450.0,0.03,높음,KR7488500000,미래에셋 TIGER 미국S&P500동일가중증권상장지수투자신탁(주식),TIGER 미국S&P500동일가중,MIRAE ASSET TIGER S&P 500 EQUAL WEIGHT ETF,2024/07/23,S&P 500 Equal Weight Index(PR),S&P,일반,실물(패시브),해외,주식,13650000,미래에셋자산운용,50000,0.2,배당소득세(보유기간과세)
308,448290,TIGER 미국S&P500(H),주식-시장대표,10.84,S&P 500,0.38,422750670918.0,0.03,높음,KR7448290007,미래에셋 TIGER 미국S&P500증권상장지수투자신탁(주식-파생형)(H),TIGER 미국S&P500(H),MIRAE ASSET TIGER S&P500 ETF(H),2022/11/25,S&P 500,S&P,일반,실물(패시브),해외,주식,29750000,미래에셋자산운용,50000,0.07,배당소득세(보유기간과세)
220,360750,TIGER 미국S&P500,주식-시장대표,11.08,S&P 500,0.25,8059972307237.0,-0.05,높음,KR7360750004,미래에셋 TIGER 미국S&P500증권상장지수투자신탁(주식),TIGER 미국S&P500,MIRAE ASSET TIGER S&P500 ETF,2020/08/07,S&P 500,S&P,일반,실물(패시브),해외,주식,400800000,미래에셋자산운용,50000,0.006,배당소득세(보유기간과세)
398,493810,TIGER 미국AI빅테크10타겟데일리커버드콜,주식-전략-구조화,0.0,KEDI 미국AI빅테크10+15%데일리프리미엄 지수(TR),0.83,159563871322.0,0.02,매우높음,KR7493810006,미래에셋 TIGER 미국AI빅테크10타겟데일리커버드콜증권상장지수투자신탁(주식),TIGER 미국AI빅테크10타겟데일리커버드콜,MIRAE ASSET TIGER US AI BIG TECH 10 TARGET DAILY COVERED CALL ETF,2024/10/15,KEDI 미국AI빅테크10+15%데일리프리미엄 지수(TR),한국경제신문,일반,실물(패시브),해외,주식,16800000,미래에셋자산운용,50000,0.25,배당소득세(보유기간과세)
394,490090,TIGER 미국AI빅테크10,주식-업종섹터-업종테마,0.0,KEDI 미국AI빅테크10 지수(PR),0.29,111278835236.0,0.01,매우높음,KR7490090008,미래에셋 TIGER 미국AI빅테크10증권상장지수투자신탁(주식),TIGER 미국AI빅테크10,MIRAE ASSET TIGER US AI BIG TECH 10 ETF,2024/08/27,KEDI 미국AI빅테크10 지수(PR),한국경제신문,일반,실물(패시브),해외,주식,10250000,미래에셋자산운용,50000,0.3,배당소득세(보유기간과세)
397,491830,TIGER 미국AI반도체팹리스,주식-업종섹터-업종테마,0.0,Mirae Asset US AI Fabless 지수(Net Total Return),0.83,15755622181.0,0.13,매우높음,KR7491830006,미래에셋 TIGER 미국AI반도체팹리스증권상장지수투자신탁(주식),TIGER 미국AI반도체팹리스,MIRAE ASSET TIGER US AI SEMICONDUCTOR FABLESS ETF,2024/09/24,Mirae Asset US AI Fabless 지수(Net Total Return),Mirae Asset Global Indices,일반,실물(패시브),해외,주식,1450000,미래에셋자산운용,50000,0.49,배당소득세(보유기간과세)
68,147970,TIGER 모멘텀,주식-전략-성장,37.3,FnGuide 모멘텀 지수,1.13,7756257729.0,0.04,높음,KR7147970008,미래에셋 TIGER 모멘텀 증권상장지수투자신탁(주식),TIGER 모멘텀,MIRAE ASSET TIGER MOMENTUM ETF,2011/10/26,FnGuide 모멘텀 지수,FnGuide,일반,실물(패시브),국내,주식,220000,미래에셋자산운용,20000,0.23,비과세
214,341850,TIGER 리츠부동산인프라채권,혼합자산-주식+채권,-4.07,KIS 리츠부동산인프라채권TR 지수,3.86,17494474757.0,-0.17,매우낮음,KR7341850006,미래에셋 TIGER 리츠부동산인프라채권부동산상장지수투자신탁(재간접형),TIGER 리츠부동산인프라채권,MIRAE ASSET TIGER REITS REAL ESTATE INFRA BOND ETF,2020/05/22,KIS 리츠부동산인프라채권TR 지수,KIS자산평가,일반,실물(패시브),국내,혼합자산,3700000,미래에셋자산운용,50000,0.22,배당소득세(분리과세부동산ETF)
77,174350,TIGER 로우볼,주식-전략-변동성,21.48,FnGuide Low Vol 지수,1.62,7549036642.0,-0.35,보통,KR7174350009,미래에셋TIGER로우볼증권상장지수투자신탁(주식),TIGER 로우볼,MIRAE ASSET TIGER LOW VOLATILITY ETF,2013/06/20,FnGuide Low Vol 지수,FnGuide,일반,실물(패시브),국내,주식,480000,미래에셋자산운용,20000,0.4,비과세
49,123320,TIGER 레버리지,주식-시장대표,0.48,코스피 200,4.72,58709690014.0,-0.15,매우높음,KR7123320004,미래에셋 TIGER 레버리지 증권상장지수투자신탁(주식-파생형),TIGER 레버리지,MIRAE ASSET TIGER LEVERAGE ETF,2010/04/09,코스피 200,KRX,2X 레버리지,실물(패시브),국내,주식,3000000,미래에셋자산운용,100000,0.022,배당소득세(보유기간과세)
39,105010,TIGER 라틴35,주식-시장대표,0.11,BNY Latin America 35 ADR,1.98,5312491457.0,-0.61,높음,KR7105010003,미래에셋 TIGER 라틴 증권상장지수투자신탁(주식),TIGER 라틴35,MIRAE ASSET TIGER LATIN ETF,2008/08/27,BNY Latin America 35 ADR,BNY Mellon,일반,실물(패시브),해외,주식,1200000,미래에셋자산운용,100000,0.49,배당소득세(해외주식투자전용ETF)
345,464930,TIGER 글로벌혁신블루칩TOP10,주식-업종섹터-업종테마,9.21,Mirae Asset Global Innovative Bluechip Top 10 Index(NTR),1.93,129870353730.0,-0.32,매우높음,KR7464930007,미래에셋 TIGER 글로벌혁신블루칩TOP10증권상장지수투자신탁(주식),TIGER 글로벌혁신블루칩TOP10,MIRAE ASSET TIGER Global Innovative Bluechip Top 10 ETF,2023/08/29,Mirae Asset Global Innovative Bluechip Top 10 Index(NTR),Mirae Asset Global Indices,일반,실물(패시브),해외,주식,8700000,미래에셋자산운용,50000,0.48,배당소득세(보유기간과세)
232,371450,TIGER 글로벌클라우드컴퓨팅INDXX,주식-업종섹터-업종테마,17.69,Indxx Global Cloud Computing Index(Net Total Return),1.57,31007297899.0,-0.79,매우높음,KR7371450008,미래에셋 TIGER 글로벌클라우드컴퓨팅INDXX증권상장지수투자신탁(주식-파생형),TIGER 글로벌클라우드컴퓨팅INDXX,MIRAE ASSET TIGER GLOBAL CLOUD COMPUTING INDXX ETF,2020/12/08,Indxx Global Cloud Computing Index(Net Total Return),Indxx,일반,실물(패시브),해외,주식,2720000,미래에셋자산운용,40000,0.49,배당소득세(보유기간과세)
255,394660,TIGER 글로벌자율주행&전기차SOLACTIVE,주식-업종섹터-업종테마,-10.44,Solactive Autonomous & Electric Vehicles 지수(Net Total Return),2.27,249103513250.0,-0.57,매우높음,KR7394660005,미래에셋 TIGER글로벌자율주행&전기차SOLACTIVE증권상장지수투자신탁(주식-파생형),TIGER 글로벌자율주행&전기차SOLACTIVE,MIRAE ASSET TIGER GLOBAL AUTONOMOUS & ELECTRIC VEHICLES SOLACTIVE ETF,2021/07/20,Solactive Autonomous & Electric Vehicles 지수(Net Total Return),Solactive,일반,실물(패시브),해외,주식,24560000,미래에셋자산운용,40000,0.49,배당소득세(보유기간과세)
160,276000,TIGER 글로벌자원생산기업(합성 H),주식-업종섹터-업종테마,-3.88,MorningStar Global Upstream Resources Index(PR),0.63,12634626928.0,-1.58,보통,KR7276000007,미래에셋 TIGER모닝스타글로벌자원생산기업증권상장지수투자신탁(주식-파생형)(합성H),TIGER 글로벌자원생산기업(합성 H),MIRAE ASSET TIGER SYNTH-MORNINGSTAR GLOBAL UPSTREAM NATURAL RESOURCES ETF(H),2017/08/01,MorningStar Global Upstream Resources Index(PR),MorningStar,일반,합성(패시브),해외,주식,850000,미래에셋자산운용,50000,0.4,배당소득세(보유기간과세)
250,387270,TIGER 글로벌이노베이션액티브,주식-시장대표,11.32,NASDAQ 100,4.72,22593353798.0,-0.1,매우높음,KR7387270002,미래에셋 TIGER 글로벌이노베이션액티브증권상장지수투자신탁(주식-재간접형),TIGER 글로벌이노베이션액티브,MIRAE ASSET TIGER GLOBAL INNOVATION ACTIVE ETF,2021/05/25,NASDAQ 100,NASDAQ,일반,실물(액티브),해외,주식,1370000,미래에셋자산운용,10000,0.55,배당소득세(보유기간과세)
375,480310,TIGER 글로벌온디바이스AI,주식-업종섹터-업종테마,-5.29,Mirae Asset Global On-Device AI 지수 (시장가격),1.53,74544364421.0,-0.44,매우높음,KR7480310002,미래에셋 TIGER 글로벌온디바이스AI증권상장지수투자신탁(주식),TIGER 글로벌온디바이스AI,MIRAE ASSET TIGER GLOBAL ON DEVICE AI ETF,2024/04/16,Mirae Asset Global On-Device AI 지수 (시장가격),Mirae Asset Global Indices,일반,실물(패시브),해외,주식,7600000,미래에셋자산운용,50000,0.49,배당소득세(보유기간과세)
369,476690,TIGER 글로벌비만치료제TOP2Plus,주식-업종섹터-업종테마,-21.11,Indxx Global Obesity Treatment Top 2 Plus 지수 (시장가격),1.15,76328424625.0,0.45,매우높음,KR7476690003,미래에셋 TIGER 글로벌비만치료제TOP2 Plus INDXX증권상장지수투자신탁(주식),TIGER 글로벌비만치료제TOP2Plus,MIRAE ASSET TIGER GLOBAL OBESITY TREATMENT TOP 2 PLUS ETF,2024/02/29,Indxx Global Obesity Treatment Top 2 Plus 지수 (시장가격),Indxx,일반,실물(패시브),해외,주식,8600000,미래에셋자산운용,50000,0.45,배당소득세(보유기간과세)
298,440340,TIGER 글로벌멀티에셋TIF액티브,혼합자산-주식+채권,0.89,INDXX 멀티에셋인컴 지수(시장가격 지수),2.99,15044209578.0,0.13,낮음,KR7440340008,미래에셋 TIGER 글로벌멀티에셋TIF액티브증권상장지수투자신탁(채권혼합),TIGER 글로벌멀티에셋TIF액티브,MIRAE ASSET TIGER Global Multi Asset TIF Active ETF,2022/08/30,INDXX 멀티에셋인컴 지수(시장가격 지수),Indxx,일반,실물(액티브),해외,혼합자산,1400000,미래에셋자산운용,50000,0.55,배당소득세(보유기간과세)
256,394670,TIGER 글로벌리튬&2차전지SOLACTIVE(합성),주식-업종섹터-업종테마,-16.89,Solactive Global Lithium 지수(Net Total Return),0.6,190315501114.0,-0.42,매우높음,KR7394670004,미래에셋 TIGER글로벌리튬&2차전지SOLACTIVE증권상장지수투자신탁(주식-파생형)(합성),TIGER 글로벌리튬&2차전지SOLACTIVE(합성),MIRAE ASSET TIGER SYNTH-GLOBAL LITHIUM & BATTERY TECH SOLACTIVE ETF,2021/07/20,Solactive Global Lithium 지수(Net Total Return),Solactive,일반,합성(패시브),해외,주식,34240000,미래에셋자산운용,40000,0.49,배당소득세(보유기간과세)
274,412770,TIGER 글로벌AI플랫폼액티브,주식-업종섹터-업종테마,25.09,Indxx Global Metaverse Index (Price Return),5.39,105816150384.0,-0.06,매우높음,KR7412770000,미래에셋TIGER글로벌AI플랫폼액티브증권상장지수투자신탁(주식),TIGER 글로벌AI플랫폼액티브,MIRAE ASSET TIGER GLOBAL AI PLATFORM ACTIVE ETF,2021/12/22,Indxx Global Metaverse Index (Price Return),Indxx,일반,실물(액티브),해외,주식,8820000,미래에셋자산운용,10000,0.79,배당소득세(보유기간과세)
395,491010,TIGER 글로벌AI전력인프라액티브,주식-업종섹터-업종테마,0.0,Mirae Asset AI Infrastructure 지수(Net Total Return),13.97,69433610994.0,0.29,매우높음,KR7491010005,미래에셋TIGER글로벌AI전력인프라액티브증권상장지수투자신탁(주식),TIGER 글로벌AI전력인프라액티브,MIRAE ASSET TIGER GLOBAL AI POWER INFRA ACTIVE ETF,2024/09/10,Mirae Asset AI Infrastructure 지수(Net Total Return),Mirae Asset Global Indices,일반,실물(액티브),해외,주식,5230000,미래에셋자산운용,10000,0.49,배당소득세(보유기간과세)
352,466950,TIGER 글로벌AI액티브,주식-업종섹터-업종테마,18.0,Indxx Artificial Intelligence and Big Data 지수(Net Total Return),14.54,240834841963.0,-0.09,매우높음,KR7466950003,미래에셋 TIGER 글로벌AI액티브증권상장지수투자신탁(주식),TIGER 글로벌AI액티브,MIRAE ASSET TIGER GLOBAL AI ACTIVE ETF,2023/10/11,Indxx Artificial Intelligence and Big Data 지수(Net Total Return),Indxx,일반,실물(액티브),해외,주식,14320000,미래에셋자산운용,10000,0.79,배당소득세(보유기간과세)
281,418670,TIGER 글로벌AI사이버보안,주식-업종섹터-업종테마,27.29,Indxx Cybersecurity 지수 (총수익),3.24,24225630732.0,0.56,매우높음,KR7418670006,미래에셋 TIGER 글로벌AI사이버보안증권상장지수투자신탁(주식),TIGER 글로벌AI사이버보안,MIRAE ASSET TIGER GLOBAL AI CYBERSECURITY ETF,2022/02/22,Indxx Cybersecurity 지수 (총수익),Indxx,일반,실물(패시브),해외,주식,1640000,미래에셋자산운용,40000,0.49,배당소득세(보유기간과세)
344,464310,TIGER 글로벌AI&로보틱스 INDXX,주식-업종섹터-업종테마,0.04,Indxx Global Robotics & Artificial Intelligence Thematic Index(Net Total Return),4.69,82157914833.0,0.4,매우높음,KR7464310002,미래에셋 TIGER 글로벌AI&로보틱스INDXX증권상장지수투자신탁(주식),TIGER 글로벌AI&로보틱스 INDXX,MIRAE ASSET TIGER Global Artificial Intelligence & Robotics INDXX ETF,2023/08/17,Indxx Global Robotics & Artificial Intelligence Thematic Index(Net Total Return),Indxx,일반,실물(패시브),해외,주식,6800000,미래에셋자산운용,50000,0.49,배당소득세(보유기간과세)
159,275980,TIGER 글로벌4차산업혁신기술(합성 H),주식-업종섹터-업종테마,5.02,MorningStar Exponential Technologies Index(PR),0.43,88824365206.0,-0.69,높음,KR7275980001,미래에셋TIGER모닝스타글로벌4차산업혁신기술증권상장지수투자신탁(주식-파생형)합성H,TIGER 글로벌4차산업혁신기술(합성 H),MIRAE ASSET TIGER SYNTH-MORNINGSTAR GLOBAL EXPONENTIAL TECHNOLOGY ETF(H),2017/08/01,MorningStar Exponential Technologies Index(PR),MorningStar,일반,합성(패시브),해외,주식,5060000,미래에셋자산운용,20000,0.4,배당소득세(보유기간과세)
120,237440,TIGER 경기방어채권혼합,혼합자산-주식+채권,6.19,경기방어소비재 채권혼합 지수,0.57,7782492481.0,-0.34,매우낮음,KR7237440003,미래에셋 TIGER 경기방어혼합 증권상장지수투자신탁(채권혼합),TIGER 경기방어채권혼합,MIRAE ASSET TIGER CONSUMER GOODS BALANCED ETF,2016/01/27,경기방어소비재 채권혼합 지수,KRX,일반,실물(패시브),국내,혼합자산,800000,미래에셋자산운용,100000,0.18,배당소득세(보유기간과세)
61,139280,TIGER 경기방어,주식-업종섹터-업종테마,13.46,코스피 200 경기방어소비재,0.85,64490129037.0,-0.25,보통,KR7139280002,미래에셋 TIGER 경기방어 증권상장지수투자신탁(주식),TIGER 경기방어,MIRAE ASSET TIGER CONSUMER STAPLES ETF,2011/04/06,코스피 200 경기방어소비재,KRX,일반,실물(패시브),국내,주식,6020000,미래에셋자산운용,20000,0.4,비과세
226,364990,TIGER 게임TOP10,주식-업종섹터-업종테마,3.29,KRX 게임 TOP 10 지수,0.56,34723220654.0,-0.39,매우높음,KR7364990002,미래에셋 TIGER 게임TOP10 증권상장지수투자신탁(주식),TIGER 게임TOP10,MIRAE ASSET KRX TIGER GAME K-NEW DEAL ETF,2020/10/07,KRX 게임 TOP 10 지수,KRX,일반,실물(패시브),국내,주식,6300000,미래에셋자산운용,50000,0.4,비과세
326,453950,TIGER TSMC파운드리밸류체인,주식-전략-전략테마,-10.18,FactSet TSMC 파운드리 밸류체인 지수(시장가격지수),2.74,18857463233.0,0.03,매우높음,KR7453950008,미래에셋 TIGER TSMC파운드리밸류체인증권상장지수투자신탁(주식),TIGER TSMC파운드리밸류체인,Mirae Asset TIGER TSMC Foundry Value Chain ETF,2023/04/04,FactSet TSMC 파운드리 밸류체인 지수(시장가격지수),FACTSET,일반,실물(패시브),해외,주식,1300000,미래에셋자산운용,50000,0.49,배당소득세(보유기간과세)
181,292150,TIGER TOP10,주식-규모-대형주,-7.28,FnGuide TOP10 지수,1.0,1009668399440.0,0.18,매우높음,KR7292150000,미래에셋 TIGER TOP10증권상장지수투자신탁(주식),TIGER TOP10,MIRAE ASSET TIGER TOP10 ETF,2018/03/30,FnGuide TOP10 지수,FnGuide,일반,실물(패시브),국내,주식,87500000,미래에셋자산운용,50000,0.15,비과세
11,0025N0,TIGER TDF2045,혼합자산-주식+채권,0.0,S&P 500 and Korea Target Date 2045 (KRW) TR 지수,37.72,99067285566.0,-0.02,매우높음,KR70025N0008,미래에셋 TIGER TDF2045증권상장지수투자신탁(주식혼합),TIGER TDF2045,MIRAE ASSET TIGER TDF2045 ETF,2025/03/25,S&P 500 and Korea Target Date 2045 (KRW) TR 지수,S&P,일반,실물(패시브),국내&해외,혼합자산,10000000,미래에셋자산운용,50000,0.19,배당소득세(보유기간과세)
133,248270,TIGER S&P글로벌헬스케어(합성),주식-업종섹터-헬스케어,-8.13,S&P Global 1200 Health Care Index,1.16,24341065873.0,-0.5,보통,KR7248270001,미래에셋 TIGER 글로벌헬스케어 증권상장지수투자신탁(주식-파생형)(합성),TIGER S&P글로벌헬스케어(합성),MIRAE ASSET TIGER SYNTH-GLOBAL HEALTHCARE ETF,2016/07/01,S&P Global 1200 Health Care Index,S&P,일반,합성(패시브),해외,주식,1140000,미래에셋자산운용,20000,0.4,배당소득세(보유기간과세)
154,269370,TIGER S&P글로벌인프라(합성),주식-업종섹터,15.18,S&P Global Infrastructure Index,0.56,10700462699.0,-0.47,낮음,KR7269370003,미래에셋 TIGER S&P글로벌인프라증권상장지수투자신탁 (주식-파생형)(합성),TIGER S&P글로벌인프라(합성),MIRAEASSET TIGER SYNTH-S&P GLOBAL INFRASTRUCTURE ETF,2017/05/16,S&P Global Infrastructure Index,S&P,일반,합성(패시브),해외,주식,700000,미래에셋자산운용,50000,0.4,배당소득세(보유기간과세)
196,310970,TIGER MSCI Korea TR,주식-시장대표,0.48,MSCI Korea TR Index,0.16,1581045369209.0,0.23,높음,KR7310970009,미래에셋 TIGER MSCI Korea Total Return증권상장지수투자신탁(주식),TIGER MSCI Korea TR,MIRAE ASSET TIGER MSCI Korea Total Return ETF,2018/11/20,MSCI Korea TR Index,MSCI,일반,실물(패시브),국내,주식,101000000,미래에셋자산운용,100000,0.12,배당소득세(보유기간과세)
176,289250,TIGER MSCI KOREA ESG유니버설,주식-전략-전략테마,2.77,MSCI Korea ESG Universal Index,0.95,6945527237.0,-0.59,높음,KR7289250003,미래에셋 TIGER MSCI KOREA ESG유니버설증권상장지수투자신탁(주식),TIGER MSCI KOREA ESG유니버설,MIRAE ASSET TIGER MSCI KOREA ESG UNIVERSAL ETF,2018/02/07,MSCI Korea ESG Universal Index,MSCI,일반,실물(패시브),국내,주식,630000,미래에셋자산운용,30000,0.4,비과세
177,289260,TIGER MSCI KOREA ESG리더스,주식-전략-전략테마,6.07,MSCI Korea Country ESG Leaders Capped Index,0.74,8097622932.0,-0.26,매우높음,KR7289260002,미래에셋 TIGER MSCI KOREA ESG리더스증권상장지수투자신탁(주식),TIGER MSCI KOREA ESG리더스,MIRAE ASSET TIGER MSCI KOREA ESG LEADERS ETF,2018/02/07,MSCI Korea Country ESG Leaders Capped Index,MSCI,일반,실물(패시브),국내,주식,840000,미래에셋자산운용,30000,0.4,비과세
303,445910,TIGER MKF배당귀족,주식-전략-배당,14.01,MKF 배당귀족 지수(시장가격지수),1.15,10276627751.0,-0.24,보통,KR7445910003,미래에셋 TIGER MKF배당귀족증권상장지수투자신탁(주식),TIGER MKF배당귀족,MIRAE ASSET TIGER MKF Dividend Aristocrats ETF,2022/10/18,MKF 배당귀족 지수(시장가격지수),FnGuide,일반,실물(패시브),국내,주식,700000,미래에셋자산운용,50000,0.2,비과세
53,138530,TIGER LG그룹+펀더멘털,주식-전략-기업그룹,-12.82,MKF LG그룹+ FW,1.69,10563448500.0,-0.39,높음,KR7138530001,미래에셋 TIGER LG그룹+ 증권상장지수투자신탁(주식),TIGER LG그룹+펀더멘털,MIRAE ASSET TIGER LG GROUP+ ETF,2011/03/10,MKF LG그룹+ FW,FnGuide,일반,실물(패시브),국내,주식,1620000,미래에셋자산운용,20000,0.15,비과세
340,463250,TIGER K방산&우주,주식-업종섹터-업종테마,118.78,iSelect K방산&우주,1.79,134611481463.0,0.01,매우높음,KR7463250001,미래에셋TIGERK방산&우주증권상장지수투자신탁(주식),TIGER K방산&우주,MIRAE ASSET TIGER K-DEFENSE INDUSTRY&SPACE ETF,2023/07/25,iSelect K방산&우주,NH투자증권,일반,실물(패시브),국내,주식,5400000,미래에셋자산운용,50000,0.45,비과세
185,300610,TIGER K게임,주식-업종섹터-업종테마,-6.11,WISE K게임 테마 지수,0.35,13829818120.0,-0.38,매우높음,KR7300610003,미래에셋 TIGER K게임증권상장지수투자신탁(주식),TIGER K게임,MIRAE ASSET TIGER K-GAME ETF,2018/07/24,WISE K게임 테마 지수,WiseFn,일반,실물(패시브),국내,주식,1900000,미래에셋자산운용,50000,0.5,비과세
111,228820,TIGER KTOP30,주식-시장대표,-8.36,KTOP 30,0.7,5980324127.0,-0.3,높음,KR7228820007,미래에셋TIGERKTOP30증권상장지수투자신탁(주식),TIGER KTOP30,MIRAE ASSET TIGER KTOP30 ETF,2015/10/14,KTOP 30,KRX,일반,실물(패시브),국내,주식,750000,미래에셋자산운용,50000,0.21,비과세
267,404540,TIGER KRX기후변화솔루션,주식-전략-전략테마,-6.36,KRX 기후변화 솔루션지수,0.66,6295455408.0,-0.36,매우높음,KR7404540007,미래에셋 TIGER KRX기후변화솔루션증권상장지수투자신탁(주식),TIGER KRX기후변화솔루션,MIRAE ASSET TIGER KRX Climate Change Solutions ETF,2021/10/29,KRX 기후변화 솔루션지수,KRX,일반,실물(패시브),국내,주식,550000,미래에셋자산운용,50000,0.09,비과세
182,292160,TIGER KRX300,주식-시장대표,1.55,KRX 300,0.76,8895296371.0,-0.26,높음,KR7292160009,미래에셋 TIGER KRX300증권상장지수투자신탁(주식),TIGER KRX300,MIRAE ASSET TIGER KRX300 ETF,2018/03/26,KRX 300,KRX,일반,실물(패시브),국내,주식,500000,미래에셋자산운용,100000,0.07,비과세
279,417630,TIGER KEDI혁신기업ESG30,주식-업종섹터-업종테마,9.13,KEDI 혁신기업ESG30 지수(시장가격 지수),0.61,15072020155.0,-0.1,높음,KR7417630001,미래에셋 TIGER KEDI혁신기업ESG30증권상장지수투자신탁(주식),TIGER KEDI혁신기업ESG30,MIRAE ASSET TIGER INNOVATOR ESG30 ETF,2022/02/08,KEDI 혁신기업ESG30 지수(시장가격 지수),한국경제신문,일반,실물(패시브),국내,주식,1400000,미래에셋자산운용,50000,0.5,비과세
240,377990,TIGER Fn신재생에너지,주식-업종섹터-업종테마,18.12,FnGuide 신재생에너지 지수,0.78,27660421763.0,-0.13,매우높음,KR7377990007,미래에셋 TIGER Fn신재생에너지증권상장지수투자신탁(주식),TIGER Fn신재생에너지,MIRAE ASSET TIGER Fn RENEWABLE ENERGY ETF,2021/03/05,FnGuide 신재생에너지 지수,FnGuide,일반,실물(패시브),국내,주식,2600000,미래에셋자산운용,50000,0.5,비과세
260,396500,TIGER Fn반도체TOP10,주식-업종섹터-업종테마,-20.88,FnGuide 반도체TOP10 지수,0.54,634567215582.0,0.19,매우높음,KR7396500001,미래에셋 TIGER Fn반도체TOP10증권상장지수투자신탁(주식),TIGER Fn반도체TOP10,MIRAE ASSET TIGER Fn Semiconductor TOP 10 ETF,2021/08/10,FnGuide 반도체TOP10 지수,FnGuide,일반,실물(패시브),국내,주식,60250000,미래에셋자산운용,50000,0.45,비과세
263,400970,TIGER Fn메타버스,주식-업종섹터-업종테마,7.73,FnGuide 메타버스테마 지수,0.41,89883861956.0,-0.39,높음,KR7400970000,미래에셋 TIGER Fn메타버스증권상장지수투자신탁(주식),TIGER Fn메타버스,MIRAE ASSET TIGER Fn Metaverse ETF,2021/10/13,FnGuide 메타버스테마 지수,FnGuide,일반,실물(패시브),국내,주식,12250000,미래에셋자산운용,50000,0.45,비과세
272,412560,TIGER BBIG레버리지,주식-업종섹터-업종테마,-16.86,KRX BBIG 지수,9.47,1568109889.0,0.44,매우높음,KR7412560005,미래에셋 TIGER BBIG레버리지 증권상장지수투자신탁(주식-파생형),TIGER BBIG레버리지,MIRAE ASSET TIGER KRX BBIG K-NEW DEAL LEVERAGE ETF,2021/12/15,KRX BBIG 지수,KRX,2X 레버리지,실물(패시브),국내,주식,900000,미래에셋자산운용,50000,0.59,배당소득세(보유기간과세)
223,364960,TIGER BBIG,주식-업종섹터-업종테마,-3.53,KRX BBIG 지수,0.41,127167912961.0,0.02,높음,KR7364960005,미래에셋 TIGER BBIG 증권상장지수투자신탁(주식),TIGER BBIG,MIRAE ASSET TIGER KRX BBIG K-NEW DEAL ETF,2020/10/07,KRX BBIG 지수,KRX,일반,실물(패시브),국내,주식,21650000,미래에셋자산운용,50000,0.4,비과세
228,365040,TIGER AI코리아그로스액티브,주식-시장대표,10.45,코스피,1.86,12763204819.0,-0.15,높음,KR7365040005,미래에셋 TIGER AI코리아그로스액티브증권상장지수투자신탁(주식),TIGER AI코리아그로스액티브,MIRAE ASSET TIGER AI KOREA GROWTH ACTIVE ETF,2020/09/29,코스피,KRX,일반,실물(액티브),국내,주식,900000,미래에셋자산운용,100000,0.4,배당소득세(보유기간과세)
356,471760,TIGER AI반도체핵심공정,주식-업종섹터-업종테마,-37.48,iSelect AI반도체핵심공정지수,0.81,78550619081.0,0.03,매우높음,KR7471760009,미래에셋 TIGER AI반도체핵심공정증권상장지수투자신탁(주식),TIGER AI반도체핵심공정,MIRAE ASSET TIGER AI Semiconductor Core Tech ETF,2023/11/21,iSelect AI반도체핵심공정지수,NH투자증권,일반,실물(패시브),국내,주식,9250000,미래에셋자산운용,50000,0.45,비과세
189,305540,TIGER 2차전지테마,주식-업종섹터-업종테마,-45.25,WISE 2차전지 테마 지수,1.05,776434281568.0,-0.14,매우높음,KR7305540007,미래에셋 TIGER 2차전지테마증권상장지수투자신탁(주식),TIGER 2차전지테마,MIRAE ASSET TIGER SECONDARY CELL ETF,2018/09/12,WISE 2차전지 테마 지수,WiseFn,일반,실물(패시브),국내,주식,62400000,미래에셋자산운용,50000,0.44,비과세
338,462010,TIGER 2차전지소재Fn,주식-업종섹터-업종테마,-51.93,FnGuide 2차전지소재 (Price Return) 지수,0.55,419461798660.0,-0.32,매우높음,KR7462010000,미래에셋 TIGER 2차전지소재Fn증권상장지수투자신탁(주식),TIGER 2차전지소재Fn,MIRAE ASSET TIGER Secondary Battery Material ETF,2023/07/13,FnGuide 2차전지소재 (Price Return) 지수,FnGuide,일반,실물(패시브),국내,주식,124000000,미래에셋자산운용,50000,0.39,비과세
273,412570,TIGER 2차전지TOP10레버리지,주식-업종섹터-업종테마,-73.92,KRX 2차전지 TOP 10 지수,11.7,68940587303.0,0.77,매우높음,KR7412570004,미래에셋 TIGER 2차전지TOP10레버리지 증권상장지수투자신탁(주식-파생형),TIGER 2차전지TOP10레버리지,MIRAE ASSET TIGER KRX SECONDARY BATTERY K-NEW DEAL LEVERAGE ETF,2021/12/15,KRX 2차전지 TOP 10 지수,KRX,2X 레버리지,실물(패시브),국내,주식,84200000,미래에셋자산운용,50000,0.29,배당소득세(보유기간과세)
225,364980,TIGER 2차전지TOP10,주식-업종섹터-업종테마,-43.07,KRX 2차전지 TOP 10 지수,0.82,315389630903.0,-0.06,매우높음,KR7364980003,미래에셋 TIGER 2차전지TOP10 증권상장지수투자신탁(주식),TIGER 2차전지TOP10,MIRAE ASSET TIGER KRX SECONDARY BATTERY K-NEW DEAL ETF,2020/10/07,KRX 2차전지 TOP 10 지수,KRX,일반,실물(패시브),국내,주식,46100000,미래에셋자산운용,50000,0.4,비과세
74,166400,TIGER 200커버드콜OTM,주식-전략-구조화,-0.26,코스피 200 커버드콜 5% OTM,0.96,6722487311.0,-0.33,높음,KR7166400002,미래에셋 TIGER 200커버드콜OTM 증권상장지수투자신탁(주식-파생형),TIGER 200커버드콜OTM,MIRAE ASSET TIGER 200 COVERED CALL OTM,2012/10/25,코스피 200 커버드콜 5% OTM,KRX,일반,실물(패시브),국내,주식,500000,미래에셋자산운용,100000,0.38,배당소득세(보유기간과세)
178,289480,TIGER 200커버드콜,주식-전략-구조화,-7.08,코스피 200 커버드콜 ATM 지수,1.16,26434096502.0,-0.73,보통,KR7289480006,미래에셋TIGER200커버드콜증권상장지수투자신탁(주식-파생형),TIGER 200커버드콜,MIRAE ASSET TIGER 200 COVERED CALL,2018/02/09,코스피 200 커버드콜 ATM 지수,KRX,일반,실물(패시브),국내,주식,3100000,미래에셋자산운용,100000,0.38,배당소득세(보유기간과세)
198,315270,TIGER 200커뮤니케이션서비스,주식-업종섹터-커뮤니케이션서비스,16.08,코스피 200 커뮤니케이션서비스,0.98,6234157331.0,-0.16,높음,KR7315270009,미래에셋 TIGER 200커뮤니케이션서비스증권상장지수투자신탁(주식),TIGER 200커뮤니케이션서비스,MIRAE ASSET TIGER 200Communication Service ETF,2019/01/15,코스피 200 커뮤니케이션서비스,KRX,일반,실물(패시브),국내,주식,320000,미래에셋자산운용,20000,0.4,비과세
124,243890,TIGER 200에너지화학레버리지,주식-업종섹터-에너지화학,-35.35,코스피 200 에너지/화학,12.81,3537133004.0,1.55,매우높음,KR7243890001,미래에셋 TIGER 200에너지화학레버리지증권상장지수투자신탁(주식-파생형),TIGER 200에너지화학레버리지,MIRAE ASSET TIGER 200 ENERGY& LEVERAGE ETF,2016/05/13,코스피 200 에너지/화학,KRX,2X 레버리지,실물(패시브),국내,주식,750000,미래에셋자산운용,25000,0.69,배당소득세(보유기간과세)
140,252710,TIGER 200선물인버스2X,주식-시장대표,-16.23,코스피 200 선물지수,1.12,61276502541.0,-0.15,매우높음,KR7252710009,미래에셋 TIGER 200선물인버스2X증권상장지수투자신탁(주식-파생형),TIGER 200선물인버스2X,MIRAE ASSET TIGER 200 Futures Inverse 2X ETF,2016/09/22,코스피 200 선물지수,KRX,2X 인버스,실물(패시브),국내,주식,34300000,미래에셋자산운용,100000,0.022,배당소득세(보유기간과세)
153,267770,TIGER 200선물레버리지,주식-시장대표,-0.2,코스피 200 선물지수,1.06,91971766024.0,0.28,매우높음,KR7267770006,미래에셋 TIGER 200선물레버리지증권상장지수투자신탁(주식-파생형),TIGER 200선물레버리지,MIRAE ASSET TIGER 200 FUTURES LEVERAGE ETF,2017/04/25,코스피 200 선물지수,KRX,2X 레버리지,실물(패시브),국내,주식,6100000,미래에셋자산운용,100000,0.022,배당소득세(보유기간과세)
137,252000,TIGER 200동일가중,주식-시장대표,14.02,코스피 200 동일가중지수,1.34,4667392557.0,-0.27,보통,KR7252000005,미래에셋 TIGER 200동일가중증권상장지수투자신탁(주식),TIGER 200동일가중,MIRAE ASSET TIGER 200 EW ETF,2016/09/20,코스피 200 동일가중지수,KRX,일반,실물(패시브),국내,주식,350000,미래에셋자산운용,50000,0.21,비과세
195,310960,TIGER 200TR,주식-시장대표,5.15,코스피 200 TR,0.26,91980813281.0,-0.16,높음,KR7310960000,미래에셋 TIGER 200 Total Return증권상장지수투자신탁(주식),TIGER 200TR,MIRAE ASSET TIGER 200 Total Return ETF,2018/11/20,코스피 200 TR,KRX,일반,실물(패시브),국내,주식,4200000,미래에셋자산운용,100000,0.09,배당소득세(보유기간과세)
123,243880,TIGER 200IT레버리지,주식-업종섹터-정보기술,-40.69,코스피 200 정보기술,8.05,18738618685.0,0.15,매우높음,KR7243880002,미래에셋 TIGER 200IT레버리지증권상장지수투자신탁(주식-파생형),TIGER 200IT레버리지,MIRAE ASSET TIGER 200 IT LEVERAGE ETF,2016/05/13,코스피 200 정보기술,KRX,2X 레버리지,실물(패시브),국내,주식,725000,미래에셋자산운용,25000,0.63,배당소득세(보유기간과세)
104,227540,TIGER 200 헬스케어,주식-업종섹터-헬스케어,4.15,코스피 200 헬스케어,2.96,28267546907.0,-0.25,매우높음,KR7227540002,미래에셋 TIGER 200헬스케어증권상장지수투자신탁(주식),TIGER 200 헬스케어,MIRAE ASSET TIGER 200 HEALTH CARE ETF,2015/09/23,코스피 200 헬스케어,KRX,일반,실물(패시브),국내,주식,1520000,미래에셋자산운용,20000,0.4,비과세
57,139240,TIGER 200 철강소재,주식-업종섹터-철강소재,12.83,코스피 200 철강/소재,1.84,3744141589.0,-0.43,매우높음,KR7139240006,미래에셋TIGER200철강소재증권상장지수투자신탁(주식),TIGER 200 철강소재,MIRAE ASSET TIGER 200 STEELS & MATERIALS ETF,2011/04/06,코스피 200 철강/소재,KRX,일반,실물(패시브),국내,주식,400000,미래에셋자산운용,20000,0.34,비과세
56,139230,TIGER 200 중공업,주식-업종섹터-중공업,113.76,코스피 200 중공업,0.59,187946706270.0,0.07,매우높음,KR7139230007,미래에셋TIGER200중공업증권상장지수투자신탁(주식),TIGER 200 중공업,MIRAE ASSET TIGER 200 HEAVY INDUSTRY ETF,2011/04/06,코스피 200 중공업,KRX,일반,실물(패시브),국내,주식,20480000,미래에셋자산운용,20000,0.34,비과세
58,139250,TIGER 200 에너지화학,주식-업종섹터-에너지화학,-15.72,코스피 200 에너지/화학,0.87,21290503958.0,-0.11,매우높음,KR7139250005,미래에셋TIGER200에너지화학증권상장지수투자신탁(주식),TIGER 200 에너지화학,MIRAE ASSET TIGER 200 ENERGY & CHEMICALS ETF,2011/04/06,코스피 200 에너지/화학,KRX,일반,실물(패시브),국내,주식,2040000,미래에셋자산운용,20000,0.34,비과세
106,227560,TIGER 200 생활소비재,주식-업종섹터-생활소비재,20.7,코스피 200 생활소비재,1.26,6492613147.0,-0.07,보통,KR7227560000,미래에셋 TIGER 200 생활소비재 증권상장지수투자신탁(주식),TIGER 200 생활소비재,MIRAE ASSET TIGER 200 CONSUMER STAPLES ETF,2015/09/23,코스피 200 생활소비재,KRX,일반,실물(패시브),국내,주식,620000,미래에셋자산운용,20000,0.4,비과세
105,227550,TIGER 200 산업재,주식-업종섹터-산업재,33.94,코스피 200 산업재,4.25,4567007870.0,0.2,매우높음,KR7227550001,미래에셋 TIGER 200 산업재 증권상장지수투자신탁(주식),TIGER 200 산업재,MIRAE ASSET TIGER 200 INDUSTRIALS ETF,2015/09/23,코스피 200 산업재,KRX,일반,실물(패시브),국내,주식,520000,미래에셋자산운용,20000,0.4,비과세
60,139270,TIGER 200 금융,주식-업종섹터-금융,33.51,코스피 200 금융,1.76,17869256088.0,-0.28,매우높음,KR7139270003,미래에셋TIGER200금융증권상장지수투자신탁(주식),TIGER 200 금융,MIRAE ASSET TIGER 200 FINANCIALS ETF,2011/04/06,코스피 200 금융,KRX,일반,실물(패시브),국내,주식,1800000,미래에셋자산운용,20000,0.4,비과세
62,139290,TIGER 200 경기소비재,주식-업종섹터-경기소비재,-2.86,코스피 200 경기소비재,1.67,4626058781.0,-0.13,높음,KR7139290001,미래에셋TIGER200경기소비재증권상장지수투자신탁(주식),TIGER 200 경기소비재,MIRAE ASSET TIGER 200 CONSUMER DISCRETIONARY ETF,2011/04/06,코스피 200 경기소비재,KRX,일반,실물(패시브),국내,주식,280000,미래에셋자산운용,20000,0.4,비과세
55,139220,TIGER 200 건설,주식-업종섹터-건설,38.42,코스피 200 건설,0.64,35966289605.0,-0.15,매우높음,KR7139220008,미래에셋TIGER200건설증권상장지수투자신탁(주식),TIGER 200 건설,MIRAE ASSET TIGER 200 CONSTRUCTIONS ETF,2011/04/06,코스피 200 건설,KRX,일반,실물(패시브),국내,주식,8840000,미래에셋자산운용,20000,0.4,비과세
59,139260,TIGER 200 IT,주식-업종섹터-정보기술,-17.9,코스피 200 정보기술,0.56,499273950127.0,-0.31,매우높음,KR7139260004,미래에셋TIGER200IT증권상장지수투자신탁(주식),TIGER 200 IT,MIRAE ASSET TIGER 200 IT ETF,2011/04/06,코스피 200 정보기술,KRX,일반,실물(패시브),국내,주식,17640000,미래에셋자산운용,20000,0.4,비과세
35,102110,TIGER 200,주식-시장대표,2.62,코스피 200,0.78,2580019568291.0,-0.15,높음,KR7102110004,미래에셋 TIGER 200 증권상장지수투자신탁(주식),TIGER 200,MIRAE ASSET TIGER 200 ETF,2008/04/03,코스피 200,KRX,일반,실물(패시브),국내,주식,67250000,미래에셋자산운용,50000,0.05,비과세
