선택,펀드명,유형,설정일,설정액,설정액증감,수익률(%),수수료/총보수,펀드번호,위험등급
,하나 1Q K200액티브증권상장지수투자신탁[주식],인덱스주식코스피200,20230130,845,-241,12.70,0.18,KR7451060008,2등급
,하나 1Q 단기금융채액티브증권상장지수투자신탁[채권],초단기채권,20230802,2340,-22,0.26,0.08,KR7463290007,5등급
,하나 1Q 25-08회사채(A+이상)액티브증권상장지수투자신탁[채권],만기매칭채권,20230918,1057,0,0.25,0.10,KR7466400009,5등급
,하나 1Q 차이나H증권상장지수투자신탁[주식](H),중국주식,20231208,110,-10,6.87,0.11,KR7472350008,2등급
,하나 1Q 머니마켓액티브증권상장지수투자신탁[채권],초단기채권,20240401,8276,-1178,0.29,0.05,KR7479080004,5등급
,하나 1Q CD금리액티브증권상장지수투자신탁[채권혼합-파생형](합성),초단기채권,20240923,2743,0,0.22,0.02,KR7491610002,4등급
,하나 1Q 현대차그룹채권(A+이상)&국고통안증권상장지수투자신탁[채권],일반채권,20240930,1389,-50,0.21,0.10,KR7492500004,5등급
,하나 1Q 코리아밸류업증권상장지수투자신탁[주식],인덱스주식기타,20241101,231,0,12.21,0.02,KR7495330003,2등급
,하나 1Q 미국배당30증권상장지수투자신탁[주식],북미주식,20250117,60,0,-0.64,0.10,KR70004G0002,2등급
,하나 1Q 종합채권(AA-이상)액티브증권상장지수투자신탁[채권],일반채권,20250224,278,40,-0.75,0.03,KR70017Y0005,5등급
,하나 1Q 미국S&P500증권상장지수투자신탁[주식],북미주식,20250314,780,-10,3.24,0.01,KR70026S0002,2등급
,하나 1Q 중단기회사채(A-이상)액티브증권상장지수투자신탁[채권],일반채권,20250526,250,,,,KR70052T0008,5등급
,하나 1Q 미국S&P500미국채혼합50액티브증권상장지수투자신탁[채권혼합],해외채권혼합,20250609,170,,,,KR70052S0009,4등급
,한국투자ACE200증권상장지수투자신탁(주식),인덱스주식코스피200,20080910,2262,-28,12.62,0.09,KR7105190003,2등급
,한국투자ACE삼성그룹주SW증권상장지수투자신탁(주식),인덱스주식기타,20090123,135,5,11.17,0.15,KR7108450008,2등급
,한국투자ACE국고채증권상장지수투자신탁(채권),국공채권,20090730,123,0,-0.16,0.15,KR7114460009,5등급
,한국투자ACE삼성그룹주동일가중증권상장지수투자신탁(주식),인덱스주식기타,20100916,55,11,14.29,0.15,KR7131890006,2등급
,한국투자ACE인버스증권상장지수투자신탁(주식-파생형),리버스마켓,20110907,50,0,-11.52,0.15,KR7145670006,1등급
,한국투자ACE레버리지증권상장지수투자신탁(주식-파생형),인덱스주식기타,20120125,70,0,26.65,0.30,KR7152500005,1등급
,한국투자ACE중국본토CSI300증권자상장지수투자신탁(주식-파생형),중국주식,20121121,449,-14,-1.26,0.70,KR7168580009,2등급
,한국투자 ACE 미국부동산리츠부동산상장지수투자신탁(파생형)(합성 H),글로벌리츠재간접,20130730,60,0,0.72,0.30,KR7181480005,1등급
,한국투자ACE단기자금증권상장지수투자신탁(채권),초단기채권,20131219,1073,249,0.23,0.07,KR7190620005,6등급
,한국투자ACE일본레버리지증권상장지수투자신탁(주식-재간접파생형)(H),일본주식,20140611,50,0,3.91,0.50,KR7196030001,1등급
,한국투자ACE일본인버스증권상장지수투자신탁(주식-파생형)(합성H),리버스마켓,20140922,240,20,-2.20,0.50,KR7205720006,1등급
,한국투자ACE중국본토레버리지CSI300증권상장지수투자신탁(주식혼합-파생형)(합성),중국주식,20150520,200,0,-3.49,0.50,KR7219900008,1등급
,한국투자ACE골드선물레버리지특별자산상장지수투자신탁(금-파생형)(합성H),해외원자재,20150720,40,-10,-2.34,0.49,KR7225130004,1등급
,한국투자ACE성장소비주도주증권상장지수투자신탁(주식),인덱스주식기타,20150811,85,0,9.93,0.50,KR7226380004,2등급
,한국투자ACE일본Nikkei225증권상장지수투자신탁(주식-파생형)(H),일본주식,20160226,80,0,2.54,0.30,KR7238720007,2등급
,한국투자ACE베트남VN30증권상장지수투자신탁(주식-파생형)(합성),베트남주식,20160628,1080,0,0.42,0.70,KR7245710009,1등급
,한국투자ACE인도네시아MSCI증권상장지수투자신탁(주식-파생형)(합성),기타국가주식,20161027,350,0,3.36,0.70,KR7256440009,1등급
,한국투자ACE필리핀MSCI증권상장지수투자신탁(주식-파생형)(합성),기타국가주식,20161223,60,0,-2.99,0.50,KR7261920003,2등급
,한국투자ACE러시아MSCI증권상장지수투자신탁(주식-파생형)(합성),러시아주식,20170316,370,0,0.12,0.00,KR7265690008,1등급
,한국투자ACE중장기국공채액티브증권상장지수투자신탁(채권),국공채권,20170623,546,11,-0.28,0.08,KR7272910001,5등급
,한국투자ACES&P아시아TOP50증권상장지수투자신탁(주식),아시아퍼시픽주식(ex J),20170818,90,0,5.41,0.70,KR7277540001,2등급
,한국투자ACE미국IT인터넷증권상장지수투자신탁(주식-파생형)(합성H),북미주식,20171012,80,0,8.55,0.50,KR7280320003,1등급
,한국투자ACE멕시코MSCI증권상장지수투자신탁(주식-파생형)(합성),기타국가주식,20180306,90,0,1.80,0.50,KR7291130003,2등급
,한국투자ACE코스피증권상장지수투자신탁(주식),인덱스주식기타,20181004,80,11,12.23,0.02,KR7305050007,2등급
,한국투자ACE미국WideMoat동일가중증권상장지수투자신탁(주식),북미주식,20181023,558,-2,2.42,0.40,KR7309230001,2등급
,한국투자ACE싱가포르리츠부동산상장지수투자신탁(재간접형),아태리츠재간접,20190124,50,0,-1.23,0.40,KR7316300003,2등급
,한국투자ACE200TotalReturn증권상장지수투자신탁(주식),인덱스주식코스피200,20190827,237,0,12.64,0.03,KR7332500008,2등급
,한국투자ACE코스닥150증권상장지수투자신탁(주식),인덱스주식기타,20200506,172,0,10.69,0.02,KR7354500001,2등급
,한국투자ACEKIS종합채권(AA-이상)액티브증권상장지수투자신탁(채권),일반채권,20200715,7177,428,-0.63,0.02,KR7356540005,5등급
,한국투자ACE미국S&P500증권상장지수투자신탁(주식),북미주식,20200804,10060,120,3.20,0.07,KR7360200000,2등급
,한국투자ACE국고채10년증권상장지수투자신탁(채권),국공채권,20201013,2541,-9,-1.23,0.02,KR7365780006,5등급
,한국투자ACE미국나스닥100증권상장지수투자신탁(주식),북미주식,20201026,6710,-130,5.65,0.07,KR7367380003,2등급
,한국투자ACE차이나항셍테크증권상장지수투자신탁(주식),중국주식,20201211,230,30,1.46,0.25,KR7371870007,2등급
,한국투자ACEFn5G플러스증권상장지수투자신탁(주식),인덱스주식기타,20210401,56,0,9.45,0.35,KR7380340000,2등급
,한국투자ACEESG액티브증권상장지수투자신탁(주식),인덱스주식기타,20210524,238,0,12.08,0.50,KR7385590005,2등급
,한국투자ACE2차전지&친환경차액티브증권상장지수투자신탁(주식),인덱스주식기타,20210524,219,0,2.00,0.29,KR7385600002,2등급
,한국투자ACE미국친환경그린테마INDXX증권상장지수투자신탁(주식),북미주식,20210730,140,-5,0.94,0.70,KR7391600004,2등급
,한국투자ACE미국배당다우존스증권상장지수투자신탁(주식),북미주식,20211019,5460,170,1.03,0.01,KR7402970008,2등급
,한국투자ACEKRX금현물특별자산상장지수투자신탁(금),국내특별자산,20211213,6200,50,-0.97,0.50,KR7411060007,1등급
,한국투자ACE글로벌메타버스테크액티브증권상장지수투자신탁(주식),글로벌주식,20211217,30,-60,12.53,0.50,KR7411050008,2등급
,한국투자ACE중국과창판STAR50증권상장지수투자신탁(주식),중국주식,20220107,90,0,-5.06,0.50,KR7416090009,2등급
,한국투자ACE글로벌자율주행액티브증권상장지수투자신탁(주식),글로벌주식,20220214,385,-295,4.38,0.29,KR7414270009,2등급
,한국투자ACE원자력테마딥서치증권상장지수투자신탁(주식),인덱스주식기타,20220627,151,0,37.35,0.30,KR7433500006,2등급
,한국투자ACE글로벌브랜드TOP10블룸버그증권상장지수투자신탁(주식),글로벌주식,20220627,75,0,3.14,0.50,KR7435040001,2등급
,한국투자ACE단기채권알파액티브증권상장지수투자신탁(채권),초단기채권,20220822,683,77,0.26,0.15,KR7440640001,5등급
,한국투자ACE미국달러단기채권액티브증권상장지수투자신탁(채권),북미채권,20220822,140,0,-2.77,0.30,KR7440650000,5등급
,한국투자ACE미국S&P500채권혼합액티브증권상장지수투자신탁(채권혼합),해외채권혼합,20220825,2960,60,-1.49,0.15,KR7438080004,4등급
,한국투자ACE미국나스닥100채권혼합액티브증권상장지수투자신탁(채권혼합),해외채권혼합,20220825,1670,40,-0.95,0.15,KR7438100000,4등급
,한국투자ACE글로벌반도체TOP4PlusSOLACTIVE증권상장지수투자신탁(주식),정보기술섹터,20221114,1250,-45,15.07,0.45,KR7446770000,2등급
,한국투자ACE주주환원가치주액티브증권상장지수투자신탁(주식)),인덱스주식기타,20221114,371,56,9.47,0.70,KR7447430000,2등급
,한국투자ACE엔비디아채권혼합블룸버그증권상장지수투자신탁(채권혼합),채권혼합,20221128,760,10,6.00,0.07,KR7448540005,4등급
,한국투자ACE미국30년국채선물레버리지증권상장지수투자신탁(채권-파생형)(합성H),북미채권,20230202,1645,230,-2.60,0.25,KR7452250004,1등급
,한국투자ACE미국30년국채액티브증권상장지수투자신탁[채권](H),북미채권,20230310,29380,2960,-0.82,0.05,KR7453850000,5등급
,한국투자ACE미국하이일드액티브증권상장지수투자신탁(채권-재간접형)(H),글로벌하이일드채권,20230414,130,10,1.31,0.24,KR7455660001,2등급
,한국투자ACE미국달러SOFR금리특별자산상장지수투자신탁(금리-파생형)(합성),해외특별자산,20230421,1826,0,-2.74,0.05,KR7456880004,2등급
,한국투자ACE테슬라밸류체인액티브증권상장지수투자신탁(주식),글로벌주식,20230515,7595,-540,8.03,0.29,KR7457480002,2등급
,한국투자ACE25-06회사채(AA-이상)액티브증권상장지수투자신탁(채권),회사채권,20230619,209,-261,0.23,0.05,KR7461260002,5등급
,한국투자ACE26-06회사채(AA-이상)액티브증권상장지수투자신탁(채권),회사채권,20230619,1800,-100,0.32,0.05,KR7461270001,5등급
,한국투자ACE글로벌인컴TOP10Solactive증권상장지수투자신탁(혼합-재간접형),해외주식혼합,20230707,575,5,-0.40,0.24,KR7460960008,2등급
,한국투자ACE미국빅테크TOP7Plus증권상장지수투자신탁(주식),정보기술섹터,20230907,4015,-65,8.01,0.30,KR7465580009,2등급
,한국투자ACE미국빅테크TOP7Plus레버리지증권상장지수투자신탁(주식-파생형)(합성),정보기술섹터,20230907,410,-10,14.95,0.60,KR7465610004,1등급
,한국투자ACE미국빅테크TOP7Plus인버스증권상장지수투자신탁(주식-파생형)(합성),임시미분류,20230907,50,0,-8.13,0.60,KR7465620003,1등급
,한국투자ACE일본반도체증권상장지수투자신탁(주식),일본주식,20231013,130,0,7.03,0.45,KR7469160006,2등급
,한국투자ACEAI반도체포커스증권상장지수투자신탁(주식),인덱스주식기타,20231016,330,11,8.93,0.30,KR7469150007,2등급
,한국투자ACE포스코그룹포커스증권상장지수투자신탁(주식),인덱스주식기타,20231016,950,-23,4.30,0.30,KR7469170005,2등급
,한국투자ACE11월만기자동연장회사채AA-이상액티브증권상장지수투자신탁(채권),만기매칭채권,20231215,970,-47,0.29,0.05,KR7473440006,5등급
,한국투자ACE미국주식베스트셀러증권상장지수투자신탁(주식),북미주식,20231226,525,15,9.32,0.30,KR7473590008,2등급
,한국투자ACE2월만기자동연장회사채(AA-이상)액티브증권상장지수투자신탁(채권),만기매칭채권,20240119,470,0,0.30,0.05,KR7475260006,5등급
,한국투자ACE5월만기자동연장회사채(AA-이상)액티브증권상장지수투자신탁(채권),만기매칭채권,20240119,414,0,0.26,0.05,KR7475270005,5등급
,한국투자ACE8월만기자동연장회사채(AA-이상)액티브증권상장지수투자신탁(채권),만기매칭채권,20240119,866,0,0.27,0.05,KR7475280004,5등급
,한국투자ACEKPOP포커스증권상장지수투자신탁(주식),인덱스주식기타,20240129,1027,153,16.34,0.30,KR7475050001,2등급
,한국투자ACE미국30년국채엔화노출액티브증권상장지수투자신탁[채권](H),북미채권,20240308,1320,210,-2.67,0.15,KR7476750005,5등급
,한국투자ACE미국30년국채액티브증권상장지수투자신탁(채권),북미채권,20240308,2130,880,-3.77,0.05,KR7476760004,
,한국투자ACE미국빅테크7+ 데일리타겟커버드콜 증권상장지수투자신탁(주식-파생형)(합성),정보기술섹터,20240418,1720,0,6.65,0.45,KR7480020007,2등급
,한국투자ACE미국500 데일리타겟커버드콜 증권상장지수투자신탁(주식-파생형)(합성),북미주식,20240418,1580,0,1.70,0.45,KR7480030006,2등급
,한국투자ACE미국반도체 데일리타겟커버드콜 증권상장지수투자신탁(주식-파생형)(합성),정보기술섹터,20240418,920,0,10.77,0.45,KR7480040005,2등급
,한국투자ACE엔비디아밸류체인액티브증권상장지수투자신탁(주식),글로벌주식,20240610,1550,-875,17.04,0.45,KR7483320008,2등급
,한국투자ACE마이크로소프트밸류체인액티브증권상장지수투자신탁(주식),글로벌주식,20240610,180,-45,6.23,0.45,KR7483330007,2등급
,한국투자ACE구글밸류체인액티브증권상장지수투자신탁(주식),글로벌주식,20240610,210,-10,11.02,0.45,KR7483340006,2등급
,한국투자ACE애플밸류체인액티브증권상장지수투자신탁(주식),글로벌주식,20240610,115,5,6.25,0.45,KR7483420006,2등급
,한국투자ACE 머니마켓 액티브증권상장지수투자신탁(채권),초단기채권,20240705,2535,-57,0.27,0.05,KR7487340002,5등급
,한국투자ACE인도컨슈머파워액티브증권상장지수투자신탁(주식),인도주식,20240906,560,0,0.25,0.45,KR7487910002,2등급
,한국투자ACE인도시장대표BIG5그룹액티브증권상장지수투자신탁(주식),인도주식,20240906,125,0,2.99,0.45,KR7487920001,2등급
,한국투자ACE라이프자산주주가치액티브증권상장지수투자신탁(주식),인덱스주식기타,20241014,303,26,12.95,0.50,KR7494330004,2등급
,한국투자ACE글로벌AI맞춤형반도체증권상장지수투자신탁(주식),정보기술섹터,20241018,130,-5,9.48,0.45,KR7494340003,2등급
,한국투자ACE코리아밸류업증권상장지수투자신탁(주식),인덱스주식기타,20241101,88,-98,12.29,0.09,KR7496120007,2등급
,한국투자ACE글로벌빅파마증권상장지수투자신탁(주식),글로벌주식,20241115,80,0,4.73,0.30,KR7497510008,2등급
,한국투자ACE일라이릴리밸류체인증권상장지수투자신탁(주식),글로벌주식,20241115,80,0,1.24,0.45,KR7497520007,2등급
,한국투자ACE미국중심중소형제조업증권상장지수투자신탁(주식),북미주식,20250117,95,-830,4.79,0.45,KR70008E0000,2등급
,한국투자ACE FTSE WGBI Korea증권상장지수투자신탁(채권),국공채권,20250214,200,0,-1.47,0.15,KR70010E0006,5등급
,한국투자ACE장기자산배분액티브증권상장지수투자신탁(혼합-재간접형),라이프사이클,20250307,100,0,2.22,0.40,KR70021C0005,2등급
,한국투자ACETDF2030액티브증권상장지수투자신탁(혼합-재간접형),라이프사이클,20250307,100,0,0.68,0.30,KR70021D0004,3등급
,한국투자ACETDF2050액티브증권상장지수투자신탁(혼합-재간접형),라이프사이클,20250307,120,5,1.53,0.35,KR70021E0003,3등급
,한국투자ACE미국배당퀄리티증권상장지수투자신탁(주식),북미주식,20250509,325,25,1.73,,KR70046Y0000,2등급
,한국투자ACE미국배당퀄리티채권혼합50증권상장지수투자신탁(채권혼합),해외주식혼합,20250509,150,0,0.93,,KR70049K0003,4등급
,한국투자ACE미국배당퀄리티+커버드콜액티브증권상장지수투자신탁(주식-재간접형),북미주식,20250509,160,10,0.56,,KR70049M0001,2등급
,삼성KODEX200상장지수투자신탁,인덱스주식코스피200,20021011,12988,-987,12.59,0.15,KR7069500007,2등급
,삼성 KODEX 반도체 상장지수투자신탁,인덱스주식섹터,20060626,1689,-21,9.71,0.45,KR7091160002,1등급
,삼성KODEX은행상장지수투자신탁,인덱스주식섹터,20060626,2915,-524,15.55,0.30,KR7091170001,1등급
,삼성KODEX자동차상장지수투자신탁,인덱스주식섹터,20060626,1885,29,4.11,0.45,KR7091180000,1등급
,삼성KODEX 차이나H증권상장지수투자신탁[주식],중국주식,20071009,433,-10,3.15,0.12,KR7099140006,2등급
,삼성 KODEX 일본TOPIX100 증권상장지수투자신탁[주식],일본주식,20080219,147,-22,0.34,0.19,KR7101280006,2등급
,삼성KODEX 삼성그룹주 상장지수투자신,인덱스주식기타,20080520,6777,171,12.01,0.25,KR7102780004,2등급
,삼성KODEX기계장비증권상장지수투자신탁[주식],인덱스주식섹터,20080528,446,-41,21.84,0.45,KR7102960002,1등급
,삼성 KODEX 증권주 상장지수투자신탁,인덱스주식섹터,20080528,1508,875,32.18,0.45,KR7102970001,1등급
,삼성 KODEX 국고채3년 증권상장지수투자신탁[채권],국공채권,20090728,4294,255,-0.15,0.15,KR7114260003,5등급
,삼성KODEX인버스증권상장지수투자신탁,리버스마켓,20090914,15720,3390,-11.53,0.64,KR7114800006,2등급
,삼성KODEX에너지화학증권ETF,인덱스주식섹터,20091009,186,6,9.07,0.45,KR7117460006,1등급
,삼성KODEX철강증권ETF[주식],인덱스주식섹터,20091029,133,6,9.80,0.45,KR7009,1등급
,삼성KODEX건설증권ETF[주식],인덱스주식섹터,20091029,730,64,29.39,0.45,KR7117700005,1등급
,삼성KODEX레버리지증권상장지수투자신탁[주식-파생형],인덱스주식기타,20100217,11985,-3150,26.55,0.64,KR7122630007,1등급
,삼성KODEX골드선물특별자산상장지수투자신탁[금-파생형](H),해외원자재,20100929,1330,-100,-0.77,0.68,KR7132030008,2등급
,삼성KODEX구리선물특별자산상장지수투자신탁[구리-파생형](H),해외원자재,20110311,150,10,3.43,0.68,KR7138910005,1등급
,삼성KODEX콩선물특별자산상장지수투자신탁[콩-파생형](H),해외원자재,20110311,50,0,0.26,0.68,KR7138920004,2등급
,삼성KODEX보험증권상장지수투자신탁[주식],인덱스주식섹터,20110425,194,0,25.72,0.45,KR7140700006,1등급
,삼성KODEX운송증권상장지수투자신탁[주식],인덱스주식섹터,20110425,131,-55,20.84,0.45,KR7140710005,1등급
,삼성KODEX은선물특별자산상장지수투자신탁[은-파생형](H),해외원자재,20110714,1910,-240,10.15,0.68,KR7144600004,1등급
,삼성KODEX10년국채선물증권상장지수투자신탁[채권-파생형],국공채권,20120119,279,0,-1.45,0.07,KR7152380002,4등급
,삼성KODEX단기채권증권상장지수투자신탁[채권],초단기채권,20120221,5399,-76,0.21,0.15,KR7153130000,6등급
,삼성KODEX MSCI KOREA증권상장지수투자신탁[주식],인덱스주식기타,20120427,81,0,11.29,0.09,KR7156080004,2등급
,삼성KODEX 차이나FTSEChinaA50증권상장지수자투자신탁[주식-파생형],중국주식,20130109,110,0,-1.51,0.12,KR7169950003,2등급
,삼성KODEX10년국채선물인버스증권상장지수투자신탁[채권-파생형],리버스마켓,20130530,60,0,1.84,0.07,KR7176950004,4등급
,삼성KODEX미국바이오테크증권상장지수투자신탁[주식-파생형](합성),헬스케어섹터,20131030,57,0,6.95,0.25,KR7185680006,1등급
,삼성KODEX미국S&P500산업재증권상장지수투자신탁[주식-파생형](합성),산업재섹터,20140611,94,0,2.42,0.25,KR7200030005,2등급
,삼성KODEX 차이나H레버리지증권상장지수투자신탁[주식-파생형](H),중국주식,20140911,2060,-110,13.80,0.64,KR7204450001,1등급
,삼성KODEX 배당성장 증권상장지수투자신탁[주식],인덱스주식기타,20141216,151,16,14.36,0.15,KR7211900006,2등급
,삼성KODEX삼성그룹밸류증권상장지수투자신탁[주식],인덱스주식기타,20150107,751,0,11.30,0.09,KR7213610009,2등급
,삼성KODEX단기채권PLUS증권상장지수투자신탁[채권],일반채권,20150302,13767,244,0.23,0.15,KR7214980005,6등급
,삼성KODEX미국S&P500에너지증권상장지수투자신탁[주식-파생형](합성),에너지섹터,20150427,182,0,0.75,0.25,KR7218420008,1등급
,삼성KODEX S&P500선물증권상장지수투자신탁[주식-파생형](H),북미주식,20150527,585,-30,6.39,0.05,KR7219480001,2등급
,삼성KODEX200가치저변동증권상장지수투자신탁[주식],인덱스주식기타,20150625,63,-7,11.04,0.30,KR7223190000,2등급
,삼성KODEX 코스피증권상장지수투자신탁[주식],인덱스주식기타,20150821,2862,-516,12.16,0.15,KR7226490001,2등급
,삼성KODEX200중소형증권상장지수투자신탁[주식],인덱스주식기타,20150831,80,0,17.02,0.30,KR7226980001,1등급
,삼성KODEX코스닥150증권상장지수투자신탁[주식],인덱스주식기타,20150930,11079,-251,10.66,0.25,KR7229200001,1등급
,삼성KODEX KTOP30증권상장지수투자신탁[주식],인덱스주식기타,20151013,45,0,8.83,0.25,KR7229720008,2등급
,삼성KODEX코스닥150레버리지증권상장지수투자신탁[주식-파생형],인덱스주식기타,20151214,24450,-1680,20.67,0.64,KR7233740000,1등급
,삼성KODEX바이오증권상장지수투자신탁[주식],인덱스주식섹터,20160512,1590,-150,12.39,0.45,KR7244580007,1등급
,삼성KODEX모멘텀PLUS증권상장지수투자신탁[주식],인덱스주식기타,20160512,52,0,8.80,0.30,KR7244620001,1등급
,삼성KODEX퀄리티PLUS증권상장지수투자신탁[주식],인덱스주식기타,20160512,51,0,6.92,0.30,KR7244660007,2등급
,삼성KODEX밸류PLUS증권상장지수투자신탁[주식],인덱스주식기타,20160512,51,0,14.15,0.30,KR7244670006,1등급
,삼성KODEX 선진국 MSCI World 증권상장지수투자신탁[주식],글로벌주식,20160808,1200,30,2.98,0.30,KR7251350005,2등급
,삼성KODEX코스닥150인버스증권상장지수투자신탁[주식-파생형],리버스마켓,20160809,6720,-10,-8.90,0.64,KR7251340006,1등급
,삼성KODEX200동일가중증권상장지수투자신탁[주식],인덱스주식기타,20160919,49,-10,14.43,0.25,KR7252650007,2등급
,삼성KODEX200선물인버스2X증권상장지수투자신탁[주식-파생형],리버스마켓,20160921,80970,25430,-22.19,0.64,KR7252670005,1등급
,삼성KODEX 차이나심천ChiNext증권상장지수투자신탁[주식-파생형](합성),중국주식,20161107,305,0,-0.35,0.47,KR7256750001,1등급
,삼성KODEX WTI원유선물특별자산상장지수투자신탁[원유-파생형](H),해외원자재,20161223,800,-280,12.43,0.35,KR7261220008,1등급
,삼성KODEX미국달러선물특별자산상장지수투자신탁[미국달러-파생형],임시미분류,20161226,408,0,-2.86,0.25,KR7261240006,4등급
,삼성KODEX미국달러선물레버리지특별자산상장지수투자신탁[미국달러-파생형],임시미분류,20161226,250,28,-5.93,0.45,KR7261250005,1등급
,삼성KODEX미국달러선물인버스2X특별자산상장지수투자신탁[미국달러-파생형],리버스마켓,20161226,4959,-128,6.03,0.45,KR7261260004,1등급
,삼성KODEX미국달러선물인버스특별자산상장지수투자신탁[미국달러-파생형],리버스마켓,20161226,922,113,3.15,0.45,KR7261270003,4등급
,삼성KODEX 미디어&엔터테인먼트증권상장지수투자신탁[주식],인덱스주식섹터,20170327,348,0,13.03,0.45,KR7266360007,1등급
,삼성KODEX IT증권상장지수투자신탁[주식],인덱스주식섹터,20170327,118,0,8.21,0.45,KR7266370006,1등급
,삼성KODEX S&P글로벌인프라증권상장지수투자신탁[주식-파생형](합성),산업재섹터,20170515,95,2,0.23,0.26,KR7269420006,2등급
,삼성KODEX WTI원유선물인버스특별자산상장지수투자신탁 [원유-파생형] (H),리버스마켓,20170609,1000,250,-11.27,0.35,KR7271050007,1등급
,삼성KODEX 3대농산물선물특별자산상장지수투자신탁[농산물-파생형] (H),해외원자재,20170609,333,27,-0.45,0.55,KR7271060006,2등급
,삼성KODEX종합채권(AA-이상)액티브증권상장지수투자신탁[채권],일반채권,20170616,27843,732,-0.58,0.05,KR7273130005,5등급
,삼성KODEX 단기변동금리부채권액티브증권상장지수투자신탁[채권],일반채권,20170628,2484,569,0.25,0.15,KR7273140004,6등급
,삼성KODEX MSCI모멘텀증권상장지수투자신탁[주식],인덱스주식기타,20170710,70,0,17.93,0.30,KR7275280006,2등급
,삼성KODEX MSCI밸류증권상장지수투자신탁[주식],인덱스주식기타,20170710,80,-20,14.07,0.30,KR7275290005,2등급
,삼성KODEX MSCI퀄리티증권상장지수투자신탁[주식],인덱스주식기타,20170710,127,-10,11.18,0.30,KR7275300002,2등급
,삼성KODEX 미국S&P500배당귀족커버드콜증권상장지수투자신탁[주식-파생형](합성)(H),북미주식,20170809,470,0,-1.91,0.30,KR7276970001,2등급
,삼성KODEX글로벌로봇증권상장지수투자신탁[주식-파생형](합성),멀티/기타섹터,20170816,121,1,4.26,0.30,KR7276990009,2등급
,삼성KODEX고배당증권상장지수투자신탁[주식],인덱스주식기타,20171016,540,120,11.59,0.30,KR7279530000,2등급
,삼성KODEX최소변동성증권상장지수투자신탁[주식],인덱스주식기타,20171016,60,0,9.78,0.30,KR7279540009,2등급
,삼성KODEX 미국러셀2000증권상장지수투자신탁[주식-파생형](H),북미주식,20171107,400,-30,6.10,0.45,KR7280930009,1등급
,삼성KODEX골드선물인버스특별자산상장지수투자신탁[금-파생형](H),리버스마켓,20171107,125,0,0.47,0.45,KR7280940008,2등급
,삼성KODEX MSCI KOREA Total Return 증권상장지수투자신탁[주식],인덱스주식기타,20171108,4980,0,11.32,0.09,KR7278540000,2등급
,삼성KODEX 200 Total Return 증권상장지수투자신탁[주식],인덱스주식기타,20171120,18417,-331,12.60,0.05,KR7278530001,2등급
,삼성 KODEX 200미국채혼합증권상장지수투자신탁[채권혼합-파생형],해외채권혼합,20171128,1025,0,3.04,0.35,KR7284430006,4등급
,삼성KODEX 차이나CSI300증권상장지수투자신탁[주식-파생형],중국주식,20171129,1160,15,-0.92,0.12,KR7283580009,2등급
,삼성KODEX MSCI ESG유니버설증권상장지수투자신탁[주식형],인덱스주식기타,20180206,67,0,12.02,0.30,KR7289040008,2등급
,삼성KODEX SGX MSCI EM선물증권상장지수투자신탁 [주식-파생형](H),신흥국주식,20180321,60,5,6.24,0.45,KR7291890002,2등급
,삼성 KODEX KRX300증권상장지수투자신탁[주식형],인덱스주식KRX300,20180323,174,15,12.35,0.05,KR7292190006,2등급
,삼성 KODEX 국채선물3년 인버스 증권상장지수투자신탁[채권-파생형],리버스마켓,20180412,201,-3,0.65,0.07,KR7292770005,5등급
,삼성KODEX한국대만IT프리미어증권상장지수투자신탁[주식-파생형],인덱스주식섹터,20180607,110,0,7.83,0.55,KR7298770009,2등급
,삼성KODEX 게임산업증권상장지수투자신탁[주식],인덱스주식섹터,20180723,327,-19,9.35,0.45,KR7300950003,1등급
,KODEX 미국나스닥100선물증권상장지수[주식-파생형](H),북미주식,20180828,470,-40,8.89,0.05,KR7304940000,1등급
,삼성 KODEX 미국30년국채울트라선물증권상장지수투자신탁[채권-파생형](H),북미채권,20180910,4000,240,-1.00,0.30,KR7304660004,2등급
,삼성 KODEX 미국30년국채울트라선물인버스증권상장지수투자신탁[채권-파생형](H),리버스마켓,20180910,50,0,1.21,0.30,KR7304670003,2등급
,삼성KODEX 2차전지산업증권상장지수투자신탁[주식],인덱스주식섹터,20180911,8349,218,-1.94,0.45,KR7305720005,1등급
,삼성KODEX KRX300레버리지증권상장지수투자신탁[주식-파생형],인덱스주식KRX300,20181015,100,0,25.08,0.64,KR7306950007,1등급
,삼성 KODEX 미국10년국채선물증권상장지수투자신탁[채권-파생형],북미채권,20181017,760,60,-3.12,0.09,KR7308620004,3등급
,삼성KODEX 미국빅테크10증권상장지수투자신탁[주식-파생형](H),멀티/기타섹터,20190108,1342,-39,11.62,0.45,KR7314250002,1등급
,삼성KODEX Top5Plus Total Return증권상장지수투자신탁[주식],인덱스주식기타,20190121,3648,-665,11.04,0.15,KR7315930008,2등급
,삼성KODEX 성장주증권상장지수투자신탁[주식],인덱스주식기타,20190530,600,0,13.09,0.30,KR7325010007,2등급
,삼성KODEX 배당가치증권상장지수투자신탁[주식],인덱스주식기타,20190530,656,-10,11.27,0.30,KR7325020006,2등급
,삼성KODEX 모닝스타멀티에셋하이인컴증권상장지수투자신탁 [채권혼합-파생재간접형](H),해외자산배분,20190603,50,0,1.22,0.25,KR7321410003,2등급
,삼성KODEX TRF 3070 증권상장지수투자신탁[채권혼합],해외채권혼합,20190703,1681,40,0.50,0.24,KR7329650006,4등급
,삼성KODEX TRF 5050 증권상장지수투자신탁[주식혼합-재간접형],해외주식혼합,20190703,526,10,1.02,0.17,KR7329660005,3등급
,삼성KODEX TRF 7030 증권상장지수투자신탁[주식혼합-재간접형],해외주식혼합,20190703,356,0,1.73,0.10,KR7329670004,3등급
,삼성KODEX 멀티팩터증권상장지수투자신탁[주식],인덱스주식기타,20191113,60,0,12.22,0.30,KR7337120000,2등급
,삼성KODEX 코스피대형주증권상장지수투자신탁[주식],인덱스주식기타,20191113,99,0,12.01,0.15,KR7337140008,2등급
,삼성KODEX 200exTOP 증권상장지수투자신탁[주식],인덱스주식기타,20191113,78,0,15.44,0.30,KR7337150007,2등급
,삼성KODEX 200ESG 증권상장지수투자신탁[주식],인덱스주식기타,20191113,258,-20,11.54,0.09,KR7337160006,2등급
,삼성 KODEX 일본부동산리츠부동산상장지수투자신탁[REITs-파생재간접형](H),일본리츠재간접,20200508,200,0,1.89,0.30,KR7352540009,2등급
,삼성 KODEX 미국부동산리츠부동산상장지수투자신탁[REITs-파생재간접형](H),글로벌리츠재간접,20200508,280,0,0.62,0.09,KR7352560007,2등급
,삼성KODEX 코스피 Total Return 증권상장지수투자신탁[주식],인덱스주식기타,20200720,329,0,12.11,0.07,KR7359210002,2등급
,삼성KODEX 200롱코스닥150숏 선물증권상장지수투자신탁[주식-파생형],임시미분류,20200820,280,0,2.76,0.64,KR7360140008,1등급
,삼성KODEX 코스닥150롱코스피200숏 선물증권상장지수투자신탁[주식-파생형],임시미분류,20200820,80,0,-2.96,0.64,KR7360150007,1등급
,삼성KODEX장기종합채권(AA-이상)액티브증권상장지수투자신탁[채권],일반채권,20200924,2106,158,-1.42,0.05,KR7363570003,5등급
,삼성KODEX 200 IT Total Return증권상장지수투자신탁[주식],인덱스주식섹터,20200924,306,0,11.63,0.15,KR7363580002,2등급
,삼성KODEX 혁신기술테마액티브증권상장지수투자신탁[주식],액티브주식일반,20200928,59,0,11.56,0.30,KR7364690008,2등급
,삼성KODEX K-뉴딜디지털플러스증권상장지수투자신탁[주식],인덱스주식기타,20201109,116,0,7.03,0.09,KR7368680005,2등급
,삼성KODEX 차이나항셍테크증권상장지수투자신탁[주식],중국주식,20201214,2300,185,1.61,0.12,KR7372330001,2등급
,삼성KODEX 코리아혁신성장액티브증권상장지수투자신탁[주식],인덱스주식기타,20201223,50,0,9.42,0.50,KR7373490002,2등급
,삼성KODEX 탄소효율그린뉴딜증권상장지수투자신탁[주식],인덱스주식기타,20210204,242,0,12.05,0.09,KR7375770005,2등급
,삼성KODEX 미국S&P500 증권상장지수투자신탁[주식],북미주식,20210407,23455,450,3.21,0.01,KR7379800006,2등급
,삼성KODEX 미국나스닥100 증권상장지수투자신탁[주식],북미주식,20210407,12900,150,5.65,0.01,KR7379810005,2등급
,삼성KODEX 신재생에너지액티브증권상장지수투자신탁[주식],인덱스주식기타,20210524,580,240,25.42,0.50,KR7385510003,2등급
,삼성KODEX 자율주행액티브증권상장지수투자신탁[주식],인덱스주식기타,20210524,216,0,6.77,0.50,KR7385520002,2등급
,삼성KODEX 미국반도체증권상장지수투자신탁[주식],북미주식,20210628,1930,-65,13.41,0.09,KR7390390003,2등급
,삼성KODEX 미국스마트모빌리티S&P증권상장지수투자신탁[주식],북미주식,20210628,160,0,5.53,0.09,KR7390400000,2등급
,삼성KODEX 웹툰&드라마증권상장지수투자신탁[주식],인덱스주식기타,20210729,537,10,16.15,0.45,KR7395150006,2등급
,삼성KODEX AI반도체증권상장지수투자신탁[주식],인덱스주식기타,20210729,2657,679,10.02,0.45,KR7395160005,2등급
,삼성KODEX Top10동일가중증권상장지수투자신탁[주식],인덱스주식기타,20210729,692,0,8.60,0.15,KR7395170004,2등급
,삼성KODEX 유럽탄소배출권선물ICE특별자산상장지수투자신탁[탄소배출권-파생형](H),해외특별자산,20210928,304,-5,5.36,0.64,KR7400570008,1등급
,삼성KODEX 메타버스액티브증권상장지수투자신탁[주식],인덱스주식기타,20211012,1437,-56,13.03,0.50,KR7401470000,2등급
,삼성KODEX 기후변화솔루션증권상장지수투자신탁[주식],인덱스주식기타,20211028,90,0,17.50,0.09,KR7404260002,2등급
,삼성KODEX 미국나스닥100선물인버스증권상장지수투자신탁[주식-파생형](H),리버스마켓,20211207,280,50,-8.23,0.30,KR7409810009,1등급
,삼성KODEX 미국나스닥100레버리지증권상장지수투자신탁[주식-파생형](합성H),북미주식,20211207,1770,-205,18.00,0.30,KR7409820008,1등급
,삼성KODEX 미국나스닥AI테크액티브증권상장지수투자신탁[주식],북미주식,20211220,370,-5,8.81,0.50,KR7411420003,2등급
,삼성KODEX 차이나과창판STAR50증권상장지수투자신탁[주식-파생형](합성),중국주식,20220111,201,0,-4.93,0.09,KR7415340009,2등급
,삼성KODEX 미국클린에너지나스닥증권상장지수투자신탁[주식],북미주식,20220318,150,0,7.14,0.45,KR7419420005,2등급
,삼성KODEX 차이나2차전지MSCI증권상장지수투자신탁[주식-파생형](합성),중국주식,20220318,350,0,0.38,0.25,KR7419430004,2등급
,삼성KODEX KOFR금리액티브특별자산상장지수투자신탁[금리-파생형](합성),국내특별자산,20220425,35680,1122,0.23,0.05,KR7423160001,2등급
,삼성KODEX 차이나AI테크액티브증권상장지수투자신탁[주식],중국주식,20220513,155,0,1.26,0.50,KR7428510002,2등급
,삼성KODEX 미국ETF산업Top10 Indxx증권상장지수투자신탁[주식],금융섹터,20220513,85,0,-2.32,0.50,KR7428560007,2등급
,삼성 KODEX TDF2030액티브증권상장지수투자신탁[혼합-재간접형],라이프사이클,20220628,355,0,0.38,0.20,KR7433970001,3등급
,삼성 KODEX TDF2040액티브증권상장지수투자신탁[혼합-재간접형],라이프사이클,20220628,295,10,1.16,0.25,KR7433980000,3등급
,삼성 KODEX TDF2050액티브증권상장지수투자신탁[혼합-재간접형],라이프사이클,20220628,1565,40,1.83,0.30,KR7434060000,3등급
,삼성KODEX 아시아달러채권ESG플러스액티브증권상장지수투자신탁[채권],아시아퍼시픽채권,20220803,516,0,-1.94,0.18,KR7437070006,4등급
,삼성KODEX 미국종합채권ESG액티브증권상장지수투자신탁[채권](H),북미채권,20220803,2681,201,0.67,0.18,KR7437080005,4등급
,삼성KODEX ESG종합채권(A-이상)액티브증권상장지수투자신탁[채권],일반채권,20220816,2359,-407,0.25,0.07,KR7439860008,5등급
,삼성KODEX 국고채30년액티브증권상장지수투자신탁[채권],국공채권,20220822,4585,-238,-2.76,0.05,KR7439870007,5등급
,삼성KODEX 미국배당커버드콜S&P액티브증권상장지수투자신탁[주식-파생형],북미주식,20220923,3730,400,0.56,0.19,KR7441640000,2등급
,삼성KODEX 친환경조선해운액티브증권상장지수투자신탁[주식],인덱스주식기타,20221110,187,-5,16.67,0.50,KR7445150006,2등급
,삼성KODEX 로봇액티브증권상장지수투자신탁[주식],인덱스주식기타,20221110,877,10,11.48,0.50,KR7445290000,2등급
,삼성KODEX 삼성전자채권혼합증권상장지수투자신탁[채권혼합],채권혼합,20221128,837,0,0.86,0.07,KR7448330001,4등급
,삼성KODEX 미국S&P500증권상장지수투자신탁[주식](H),북미주식,20221130,5395,220,6.33,0.01,KR7449180009,2등급
,삼성KODEX 미국나스닥100증권상장지수투자신탁[주식](H),북미주식,20221130,2595,25,8.85,0.01,KR7449190008,2등급
,삼성 KODEX 한중전기차증권상장지수투자신탁[주식-파생형](합성),국내외주식,20221220,65,0,0.15,0.25,KR7450180005,2등급
,삼성KODEX 한중반도체증권상장지수투자신탁[주식-파생형](합성),국내외주식,20221220,60,0,5.24,0.25,KR7450190004,2등급
,삼성 KODEX 아시아AI반도체exChina액티브증권상장지수투자신탁[주식],인덱스주식기타,20230130,50,0,9.92,0.50,KR7446690000,2등급
,삼성KODEX 미국S&P500필수소비재증권상장지수투자신탁[주식],소비재섹터,20230317,95,0,-2.50,0.25,KR7453630006,2등급
,삼성KODEX 미국S&P500헬스케어증권상장지수투자신탁[주식],헬스케어섹터,20230317,225,30,-0.85,0.25,KR7453640005,2등급
,삼성KODEX 미국S&P500금융증권상장지수투자신탁[주식],금융섹터,20230317,280,-20,-0.91,0.25,KR7453650004,2등급
,삼성KODEX 미국S&P500경기소비재증권상장지수투자신탁[주식],소비재섹터,20230317,70,0,2.74,0.25,KR7453660003,2등급
,삼성KODEX 미국달러SOFR금리액티브특별자산상장지수투자신탁[금리-파생형](합성),해외특별자산,20230331,3137,166,-2.75,0.15,KR7455030007,2등급
,삼성KODEX 인도Nifty50증권상장지수투자신탁[주식-파생형],인도주식,20230419,3240,-5,0.63,0.19,KR7453810004,2등급
,삼성KODEX 인도Nifty50레버리지증권상장지수투자신탁[주식-파생형](합성),인도주식,20230419,150,-35,0.12,0.39,KR7453820003,1등급
,삼성KODEX 유럽명품TOP10 STOXX증권상장지수투자신탁[주식],유럽주식,20230421,130,5,-0.47,0.45,KR7456250000,2등급
,삼성KODEX 33-06국고채액티브증권상장지수투자신탁[채권],국공채권,20230525,212,6,-0.89,0.15,KR7457690006,5등급
,삼성KODEX 53-09국고채액티브증권상장지수투자신탁[채권],국공채권,20230525,192,9,-2.70,0.15,KR7457700003,5등급
,삼성KODEX CD금리액티브증권상장지수투자신탁[채권혼합-파생형](합성),초단기채권,20230602,78147,472,0.23,0.02,KR7459580007,4등급
,삼성KODEX 테슬라밸류체인FactSet증권상장지수투자신탁[주식-파생형],글로벌주식,20230605,145,0,5.59,0.18,KR7459560009,2등급
,삼성KODEX 코스닥글로벌증권상장지수투자신탁[주식],인덱스주식섹터,20230628,97,0,13.74,0.09,KR7461450009,2등급
,삼성KODEX2차전지핵심소재10 증권상장지수투자신탁[주식],인덱스주식기타,20230703,3846,22,-2.66,0.39,KR7461950008,2등급
,삼성KODEX2차전지산업레버리지증권상장지수투자신탁[주식-파생형],인덱스주식기타,20230703,25530,2380,-5.64,0.49,KR7462330002,1등급
,삼성KODEX 미국S&P500유틸리티증권상장지수투자신탁[주식],공공서비스섹터,20230728,110,15,-2.46,0.25,KR7463640003,2등급
,삼성KODEX 미국S&P500테크놀로지증권상장지수투자신탁[주식],정보기술섹터,20230728,160,0,6.88,0.25,KR7463680009,2등급
,삼성KODEX 미국S&P500커뮤니케이션증권상장지수투자신탁[주식],정보기술섹터,20230728,65,0,4.06,0.25,KR7463690008,2등급
,삼성KODEX 25-11회사채(A+이상)액티브증권상장지수투자신탁[채권],만기매칭채권,20231010,2459,928,0.28,0.09,KR7467940003,5등급
,삼성KODEX iShares미국인플레이션국채액티브증권상장지수투자신탁[채권-재간접형],북미채권,20231017,114,0,-3.46,0.10,KR7468370002,4등급
,삼성KODEX iShares미국하이일드액티브증권상장지수투자신탁[채권-재간접형],글로벌하이일드채권,20231017,467,-45,-1.42,0.15,KR7468380001,2등급
,삼성KODEX iShares미국투자등급회사채액티브증권상장지수투자신탁[채권-재간접형],북미채권,20231017,191,0,-1.68,0.10,KR7468630009,4등급
,삼성KODEX 국고채10년액티브증권상장지수투자신탁[채권],국공채권,20231113,3488,643,-1.31,0.02,KR7471230003,5등급
,삼성KODEX AI반도체핵심장비증권상장지수투자신탁[주식],인덱스주식기타,20231120,1337,82,12.39,0.39,KR7471990002,2등급
,삼성KODEX 26-12 회사채(AA-이상)액티브증권상장지수투자신탁[채권],만기매칭채권,20231211,5050,1376,0.28,0.09,KR7473290005,5등급
,삼성KODEX 미국서학개미증권상장지수투자신탁[주식],북미주식,20231222,1305,15,10.36,0.25,KR7473460004,2등급
,삼성 KODEX 테슬라커버드콜채권혼합액티브증권상장지수투자신탁[채권혼합-파생형],해외채권혼합,20240119,3515,80,-0.10,0.39,KR7475080008,3등급
,삼성KODEX 글로벌비만치료제TOP2 Plus증권상장지수투자신탁[주식],헬스케어섹터,20240208,670,0,9.77,0.45,KR7476070008,2등급
,삼성KODEX 한국부동산리츠인프라부동산상장지수투자신탁[재간접형],부동산기타,20240304,3510,583,-0.46,0.09,KR7476800008,2등급
,삼성KODEX 25-11은행채(AA-이상)PLUS액티브증권상장지수투자신탁[채권],만기매칭채권,20240304,7290,-682,0.27,0.09,KR7476810007,1등급
,삼성KODEX CD1년금리플러스액티브증권상장지수투자신탁[채권혼합-파생형](합성),채권혼합,20240419,21589,36,0.22,0.05,KR7481050003,4등급
,삼성KODEX 미국30년국채타겟커버드콜증권상장지수투자신탁[채권-파생형](합성 H),북미채권,20240426,7440,845,-0.31,0.25,KR7481060002,3등급
,삼성KODEX 인도타타그룹증권상장지수투자신탁[주식-파생형],인도주식,20240507,430,0,1.00,(선) 0.45/ 0.45,KR7477730006,1등급
,삼성KODEX 미국AI테크TOP10타겟커버드콜증권상장지수투자신탁[주식-파생형],정보기술섹터,20240524,3850,-10,8.38,(선) 0.39/ 0.39,KR7483280004,1등급
,삼성 KODEX 미국배당다우존스타겟커버드콜증권상장지수투자신탁[주식-파생형],북미주식,20240524,1920,130,-0.20,(선) 0.39/ 0.39,KR7483290003,1등급
,삼성KODEX 미국30년국채액티브증권상장지수투자신탁[채권-재간접형](H),북미채권,20240614,6311,1256,-0.80,0.02,KR7484790001,5등급
,삼성KODEX 미국AI테크TOP10증권상장지수투자신탁[주식],정보기술섹터,20240621,1120,-40,9.73,0.30,KR7485540009,1등급
,삼성KODEX미국AI전력핵심인프라증권상장지수투자신탁[주식],정보기술섹터,20240705,3385,-140,14.61,0.45,KR7487230005,2등급
,삼성KODEX AI전력핵심설비증권상장지수투자신탁[주식],인덱스주식섹터,20240708,1455,-199,23.16,0.39,KR7487240004,2등급
,삼성KODEX 대만테크고배당다우존스증권상장지수투자신탁[주식],기타국가주식,20240719,120,0,2.64,0.45,KR7487950008,2등급
,삼성KODEX 머니마켓액티브증권상장지수투자신탁[채권],초단기채권,20240805,66612,4499,0.28,0.05,KR7488770009,
,삼성KODEX 미국배당다우존스증권상장지수투자신탁[주식],북미주식,20240809,3380,80,1.09,0.01,KR7489250001,2등급
,삼성KODEX 25-12은행채(AAA)액티브증권상장지수투자신탁[채권],만기매칭채권,20240906,9677,11,0.24,0.05,KR7491080008,5등급
,삼성KODEX 미국테크TOP3플러스증권상장지수투자신탁[주식],북미주식,20240906,195,-30,8.75,0.30,KR7491090007,2등급
,삼성KODEX 미국나스닥100데일리커버드콜OTM증권상장지수투자신탁[주식-파생형],북미주식,20241016,3030,100,3.05,0.25,KR7494300007,1등급
,삼성KODEX반도체레버리지증권상장지수투자신탁[주식-파생형],인덱스주식기타,20241021,905,10,19.90,0.49,KR7494310006,1등급
,삼성 KODEX200 액티브증권상장지수투자신탁[주식-파생형],액티브주식일반,20241028,2513,10,12.67,0.15,KR7494890007,2등급
,삼성KODEX 코리아밸류업증권상장지수투자신탁[주식],인덱스주식섹터,20241101,1480,-135,12.13,0.01,KR7495850000,2등급
,삼성KODEX 200타겟위클리커버드콜증권상장지수투자신탁[주식-파생형],인덱스주식코스피200,20241202,4680,656,10.05,0.39,KR7498400001,1등급
,삼성KODEX 금융고배당TOP10타겟위클리커버드콜증권상장지수투자신탁[주식-파생형],인덱스주식기타,20241216,1944,-238,12.48,0.39,KR7498410000,1등급
,삼성KODEX 미국S&P500데일리커버드콜OTM증권상장지수투자신탁[주식-파생형],북미주식,20250103,1120,-140,1.83,0.25,KR70005A0007,1등급
,삼성KODEX 27-12 회사채(AA-이상)액티브증권상장지수투자신탁[채권],만기매칭채권,20250110,3441,358,0.18,0.09,KR70007F0000,5등급
,삼성KODEX 미국S&P500 버퍼 3월 액티브증권상장지수투자신탁[주식-파생형],액티브주식일반,20250321,1000,0,0.87,0.39,KR70026E0008,1등급
,삼성KODEX 인도Nifty미드캡100증권상장지수투자신탁[주식-파생형],인도주식,20250404,200,0,6.99,,KR70000H0005,1등급
,삼성KODEX미국AI소프트웨어TOP10 증권상장지수투자신탁[주식],북미주식,20250417,265,35,6.35,,KR70041D0000,2등급
,삼성KODEX 미국S&P500액티브증권상장지수투자신탁[주식],북미주식,20250417,200,0,4.36,,KR70041E0009,2등급
,삼성KODEX 미국머니마켓액티브증권상장지수투자신탁[채권],북미채권,20250509,2160,658,-2.69,,KR70048J0007,5등급
,삼성KODEX 차이나휴머노이드로봇증권상장지수투자신탁[주식-파생형],중국주식,20250512,595,195,-14.23,,KR70048K0004,1등급
,삼성 KODEX미국금융테크액티브증권상장지수투자신탁[주식],북미주식,20250522,200,,,,KR70028X0003,2등급
,미래에셋TIGER은행증권상장지수투자신탁(주식),인덱스주식섹터,20060626,93,4,15.72,0.46,KR7091220004,1등급
,미래에셋TIGER반도체증권상장지수투자신탁(주식),인덱스주식섹터,20060626,623,10,9.79,0.46,KR7091230003,1등급
,미래에셋TIGER방송통신증권상장지수투자신탁(주식),인덱스주식섹터,20070906,34,-2,9.23,0.46,KR7098560006,2등급
,미래에셋TIGER200증권상장지수투자신탁(주식),인덱스주식코스피200,20080402,15037,-503,12.61,0.05,KR7102110004,2등급
,미래에셋TIGER라틴증권상장지수투자신탁(주식),중남미주식,20080826,58,0,0.48,0.49,KR7105010003,1등급
,미래에셋TIGER국채3증권상장지수투자신탁(채권),국공채권,20090821,818,0,-1.78,0.15,KR7114820004,5등급
,미래에셋TIGER차이나증권상장지수투자신탁(주식),중국주식,20091020,71,0,3.03,0.49,KR7117690008,2등급
,미래에셋TIGER인버스증권상장지수투자신탁(주식-파생형),리버스마켓,20100326,750,60,-11.57,0.02,KR7123310005,2등급
,미래에셋TIGER레버리지증권상장지수투자신탁(주식-파생형),인덱스주식기타,20100408,290,-50,26.64,0.02,KR7123320004,1등급
,미래에셋TIGER원유선물특별자산상장지수투자신탁(원유-파생형)(H),해외원자재,20100730,425,-105,11.07,0.69,KR7130680002,1등급
,미래에셋TIGER미국나스닥100증권상장지수투자신탁(주식),북미주식,20101015,3781,14,5.65,0.01,KR7133690008,2등급
,미래에셋TIGER농산물선물특별자산상장지수투자신탁(농산물-파생형)(H),해외원자재,20110106,260,-10,-0.54,0.69,KR7137610002,2등급
,미래에셋TIGER삼성그룹증권상장지수투자신탁(주식),인덱스주식기타,20110228,1306,-70,14.66,0.15,KR7138520002,2등급
,미래에셋TIGERLG그룹+증권상장지수투자신탁(주식),인덱스주식기타,20110309,115,-1,6.70,0.15,KR7138530001,1등급
,미래에셋TIGER현대차그룹+증권상장지수투자신탁(주식),인덱스주식기타,20110309,692,-34,15.09,0.15,KR7138540000,1등급
,미래에셋TIGER200건설증권상장지수투자신탁(주식),인덱스주식섹터,20110405,626,47,36.66,0.40,KR7139220008,1등급
,미래에셋TIGER200중공업증권상장지수투자신탁(주식),인덱스주식섹터,20110405,1737,503,32.94,0.40,KR7139230007,1등급
,미래에셋TIGER200철강소재증권상장지수투자신탁(주식),인덱스주식섹터,20110405,53,5,10.82,0.40,KR7139240006,1등급
,미래에셋TIGER200에너지화학증권상장지수투자신탁(주식),인덱스주식섹터,20110405,335,-169,16.69,0.40,KR7139250005,1등급
,미래에셋TIGER200IT증권상장지수투자신탁(주식),인덱스주식섹터,20110405,2425,-96,11.54,0.40,KR7139260004,1등급
,미래에셋TIGER200금융증권상장지수투자신탁(주식),인덱스주식섹터,20110405,178,36,17.72,0.40,KR7139270003,1등급
,미래에셋TIGER경기방어증권상장지수투자신탁(주식),인덱스주식섹터,20110405,57,0,9.74,0.40,KR7139280002,1등급
,미래에셋TIGER200경기소비재증권상장지수투자신탁(주식),인덱스주식섹터,20110405,490,-13,7.96,0.40,KR7139290001,2등급
,미래에셋TIGER금속선물특별자산상장지수투자신탁(금속-파생형)(H),해외원자재,20110407,40,-20,2.16,0.69,KR7139310007,2등급
,미래에셋TIGER금은선물특별자산상장지수투자신탁(금속-파생형)(H),해외원자재,20110407,60,-5,-0.08,0.69,KR7139320006,2등급
,미래에셋TIGERS&P500선물증권상장지수투자신탁(주식-파생형)(H),북미주식,20110715,283,-37,5.99,0.30,KR7143850006,2등급
,미래에셋TIGER헬스케어증권상장지수투자신탁(주식),인덱스주식섹터,20110715,818,-5,11.36,0.40,KR7143860005,1등급
,미래에셋TIGER모멘텀증권상장지수투자신탁(주식),인덱스주식기타,20111025,42,8,16.42,0.29,KR7147970008,2등급
,미래에셋TIGER중국소비테마증권상장지수투자신탁(주식),인덱스주식기타,20111213,755,62,8.70,0.50,KR7150460004,2등급
,미래에셋 TIGER 단기통안채 증권상장지수투자신탁(채권),초단기채권,20120515,7680,360,0.23,0.09,KR7157450008,6등급
,미래에셋 TIGER 소프트웨어 증권상장지수투자신탁(주식),인덱스주식섹터,20120515,757,105,11.50,0.40,KR7157490004,1등급
,미래에셋 TIGER 증권 증권상장지수투자신탁(주식),인덱스주식섹터,20120515,107,61,23.21,0.40,KR7157500000,1등급
,미래에셋TIGER200커버드콜OTM증권상장지수투자신탁(주식-파생형),인덱스주식기타,20121024,50,0,4.16,0.38,KR7166400002,2등급
,미래에셋 TIGER 구리실물 특별자산상장지수투자신탁(금속),해외원자재,20121214,228,2,-0.70,0.83,KR7160580007,2등급
,미래에셋 TIGER 로우볼 증권상장지수투자신탁(주식),인덱스주식기타,20130619,53,-2,11.92,0.40,KR7174350009,2등급
,미래에셋TIGERMSCIUS리츠부동산상장지수투자신탁(파생형)(합성 H),글로벌리츠재간접,20131008,1000,-40,1.19,0.24,KR7182480004,1등급
,미래에셋TIGER차이나CSI300증권상장지수자투자신탁(주식-파생형),중국주식,20140127,903,-18,-1.21,0.63,KR7192090009,2등급
,미래에셋TIGER단기선진국하이일드증권상장지수투자신탁(채권-파생형)(합성 H),글로벌하이일드채권,20140321,60,0,1.32,0.24,KR7182490003,4등급
,미래에셋TIGER일본증권상장지수투자신탁(주식-파생형)(합성 H),일본주식,20140429,50,0,1.97,0.24,KR7195920004,2등급
,미래에셋TIGER유로스탁스50증권상장지수투자신탁(주식-파생형)(합성 H),유럽주식,20140429,195,-15,1.93,0.24,KR7195930003,1등급
,미래에셋TIGER나스닥바이오증권상장지수투자신탁(주식),헬스케어섹터,20140826,274,7,6.07,0.30,KR7203780002,2등급
,미래에셋TIGER차이나CSI300레버리지증권상장지수투자신탁(주식혼합-파생재간접형)(합성),중국주식,20140828,496,-2,-3.96,0.58,KR7204480008,1등급
,미래에셋TIGER코스피고배당증권상장지수투자신탁(주식),인덱스주식기타,20141204,226,40,11.38,0.29,KR7210780003,2등급
,미래에셋TIGER배당성장증권상장지수투자신탁(주식),인덱스주식기타,20141216,207,8,14.32,0.15,KR7211560008,2등급
,미래에셋TIGER원유인버스선물특별자산상장지수투자신탁(원유-파생형)(H),리버스마켓,20150428,240,25,-11.08,0.69,KR7217770007,1등급
,미래에셋TIGER차이나CSI300인버스증권상장지수투자신탁(채권혼합-파생형)(합성),리버스마켓,20150608,165,0,0.90,0.58,KR7217780006,2등급
,미래에셋TIGERS&P500인버스선물증권상장지수투자신탁(주식-파생형)(H),리버스마켓,20150727,240,0,-6.10,0.59,KR7225030006,2등급
,미래에셋TIGERS&P500레버리지증권상장지수투자신탁(주식혼합-파생형)(합성 H),해외주식혼합,20150727,124,-10,12.64,0.25,KR7225040005,1등급
,미래에셋TIGER유로스탁스50레버리지증권상장지수투자신탁(주식혼합-파생형)(합성 H),해외주식혼합,20150727,65,0,2.16,0.58,KR7225050004,1등급
,미래에셋TIGERMSCIEM레버리지증권상장지수투자신탁(주식혼합-파생형)(합성 H),해외주식혼합,20150727,110,0,12.70,0.58,KR7225060003,1등급
,미래에셋TIGER200헬스케어증권상장지수투자신탁(주식),인덱스주식섹터,20150922,286,-11,9.63,0.40,KR7227540002,1등급
,미래에셋 TIGER 화장품 증권상장지수투자신탁(주식),인덱스주식섹터,20151006,4078,-477,17.99,0.50,KR7228790002,1등급
,미래에셋 TIGER 여행레저 증권상장지수투자신탁(주식),인덱스주식섹터,20151006,1670,54,11.37,0.50,KR7228800009,1등급
,미래에셋 TIGER 미디어컨텐츠 증권상장지수투자신탁(주식),인덱스주식섹터,20151006,1414,-194,22.93,0.50,KR7228810008,1등급
,미래에셋TIGERKTOP30증권상장지수투자신탁(주식),인덱스주식기타,20151013,60,0,8.90,0.25,KR7228820007,2등급
,미래에셋TIGER코스닥150증권상장지수투자신탁(주식),인덱스주식기타,20151111,1249,40,10.65,0.19,KR7232080002,1등급
,미래에셋TIGER코스닥150레버리지증권상장지수투자신탁(주식-파생형),인덱스주식기타,20151215,795,-10,20.54,0.32,KR7233160001,1등급
,미래에셋TIGER일본니케이225증권상장지수투자신탁(주식-파생형),일본주식,20160329,1130,6,1.01,0.35,KR7241180009,2등급
,미래에셋TIGER인도레버리지증권상장지수투자신탁(주식혼합-파생형)(합성),인도주식,20160511,76,0,-0.05,0.58,KR7236350005,1등급
,미래에셋TIGER200IT레버리지증권상장지수투자신탁(주식-파생형),인덱스주식섹터,20160512,73,-5,23.23,0.69,KR7243880002,1등급
,미래에셋TIGER200에너지화학레버리지증권상장지수투자신탁(주식-파생형),인덱스주식섹터,20160512,75,-35,34.76,0.69,KR7243890001,1등급
,미래에셋TIGER차이나HSCEI증권상장지수투자신탁(주식-파생형),중국주식,20160614,520,25,3.26,0.35,KR7245360003,1등급
,미래에셋TIGER미국다우존스30증권상장지수투자신탁(주식-파생형),북미주식,20160629,370,8,0.89,0.35,KR7245340005,2등급
,미래에셋TIGER유로스탁스배당30증권상장지수투자신탁(주식-파생형),유럽주식,20160629,205,-40,1.65,0.35,KR7245350004,1등급
,미래에셋TIGER글로벌헬스케어증권상장지수투자신탁(주식-파생형)(합성),헬스케어섹터,20160629,114,0,0.20,0.40,KR7248270001,2등급
,미래에셋TIGER코스닥150인버스증권상장지수투자신탁(주식-파생형),리버스마켓,20160809,380,-40,-8.82,0.32,KR7250780004,1등급
,미래에셋TIGER200동일가중증권상장지수투자신탁(주식),인덱스주식기타,20160919,15,-20,15.12,0.25,KR7252000005,2등급
,미래에셋TIGER200선물인버스2X증권상장지수투자신탁(주식-파생형),리버스마켓,20160921,3620,900,-22.19,0.02,KR7252710009,1등급
,미래에셋TIGER코스닥150IT증권상장지수투자신탁(주식),인덱스주식섹터,20161214,21,-2,9.64,0.40,KR7261060008,1등급
,미래에셋TIGER코스닥150바이오테크증권상장지수투자신탁(주식),인덱스주식섹터,20161214,132,-7,13.51,0.40,KR7261070007,1등급
,미래에셋TIGER미국달러선물레버리지특별자산상장지수투자신탁(달러-파생형),임시미분류,20161223,60,0,-5.90,0.05,KR7261110001,1등급
,미래에셋TIGER미국달러선물인버스2X특별자산상장지수투자신탁(달러-파생형),리버스마켓,20161223,430,160,6.00,0.05,KR7261120000,1등급
,미래에셋TIGER우선주증권상장지수투자신탁(주식),인덱스주식기타,20170105,90,29,21.10,0.29,KR7261140008,1등급
,미래에셋 TIGER S&P글로벌인프라 증권상장지수투자신탁(주식-파생형)(합성),산업재섹터,20170515,75,5,0.31,0.40,KR7269370003,2등급
,미래에셋TIGER단기채권액티브증권상장지수투자신탁(채권),초단기채권,20170628,6818,380,0.25,0.07,KR7272580002,6등급
,미래에셋TIGER모닝스타글로벌4차산업혁신기술증권상장지수투자신탁(주식-파생형)(합성H),멀티/기타섹터,20170728,506,-12,7.99,0.40,KR7275980001,2등급
,미래에셋TIGER모닝스타글로벌자원생산기업증권상장지수투자신탁(주식-파생형)(합성H),에너지섹터,20170728,85,0,4.78,0.40,KR7276000007,1등급
,미래에셋TIGER코스피증권상장지수투자신탁(주식),인덱스주식기타,20170830,1506,-59,12.00,0.15,KR7277630000,2등급
,미래에셋TIGER코스피대형주증권상장지수투자신탁(주식),인덱스주식기타,20170830,46,-12,11.96,0.29,KR7277640009,2등급
,미래에셋TIGER코스피중형주증권상장지수투자신탁(주식),인덱스주식기타,20170830,34,0,12.33,0.29,KR7277650008,2등급
,미래에셋TIGERMSCIKOREAESG유니버설증권상장지수투자신탁(주식),인덱스주식기타,20180206,59,0,11.78,0.40,KR7289250003,2등급
,미래에셋TIGERMSCIKOREAESG리더스증권상장지수투자신탁(주식),인덱스주식기타,20180206,77,0,15.72,0.40,KR7289260002,2등급
,미래에셋TIGER200커버드콜증권상장지수투자신탁(주식-파생형),인덱스주식기타,20180208,300,-10,1.45,0.38,KR7289480006,2등급
,미래에셋TIGERKRX300증권상장지수투자신탁(주식),인덱스주식KRX300,20180323,73,0,12.23,0.09,KR7292160009,2등급
,미래에셋TIGER일본엔선물특별자산상장지수투자신탁(엔-파생형),국내특별자산,20180416,750,-80,-1.67,0.25,KR7292560000,4등급
,미래에셋TIGER중장기국채증권상장지수투자신탁(채권-파생형),국공채권,20180719,2570,190,-0.74,0.15,KR7302190004,5등급
,미래에셋 TIGER K게임 증권상장지수투자신탁(주식),인덱스주식섹터,20180723,178,-9,10.26,0.50,KR7300610003,1등급
,미래에셋 TIGER 미국채10년선물 증권상장지수투자신탁(채권-파생형),북미채권,20180828,1300,30,-2.98,0.29,KR7305080004,4등급
,미래에셋 TIGER 2차전지테마 증권상장지수투자신탁(주식),인덱스주식섹터,20180911,6234,60,-1.41,0.50,KR7305540007,1등급
,미래에셋TIGER의료기기증권상장지수투자신탁(주식),인덱스주식섹터,20181107,53,5,10.31,0.50,KR7307510008,1등급
,미래에셋TIGER지주회사증권상장지수투자신탁(주식),인덱스주식기타,20181107,955,883,32.06,0.50,KR7307520007,1등급
,미래에셋TIGER200TotalReturn증권상장지수투자신탁(주식),인덱스주식코스피200,20181119,573,0,12.61,0.09,KR7310960000,2등급
,미래에셋TIGERMSCIKOREATotalReturn증권상장지수투자신탁(주식),인덱스주식기타,20181119,8982,-4677,11.30,0.12,KR7310970009,2등급
,미래에셋TIGER200커뮤니케이션서비스증권상장지수투자신탁(주식),인덱스주식섹터,20190114,51,0,9.89,0.40,KR7315270009,1등급
,미래에셋TIGER골드선물특별자산상장지수투자신탁(금-파생형)(H),해외원자재,20190408,645,-80,-0.82,0.39,KR7319640009,2등급
,미래에셋TIGER리츠부동산인프라혼합자산상장지수투자신탁(재간접형),부동산기타,20190718,7804,348,-0.16,0.08,KR7329200000,2등급
,미래에셋TIGER미국달러단기채권액티브증권상장지수투자신탁(채권-파생형),북미채권,20190722,4056,-905,-2.71,0.30,KR7329750004,4등급
,미래에셋TIGER리츠부동산인프라채권부동산상장지수투자신탁(재간접형),부동산기타,20200521,194,-10,-0.35,0.22,KR7341850006,2등급
,미래에셋TIGERCD금리투자KIS특별자산상장지수투자신탁(CD-파생형)(합성),국내특별자산,20200706,42297,-2618,0.22,0.03,KR7357870005,6등급
,미래에셋TIGER미국S&P500증권상장지수투자신탁(주식),북미주식,20200806,40010,350,3.22,0.01,KR7360750004,2등급
,미래에셋 TIGER AI코리아그로스액티브증권상장지수투자신탁(주식),액티브주식일반,20200928,90,10,11.86,0.40,KR7365040005,2등급
,미래에셋TIGERBBIG증권상장지수투자신탁(주식),인덱스주식섹터,20201006,2216,-36,9.69,0.40,KR7364960005,2등급
,미래에셋TIGER바이오TOP10증권상장지수투자신탁(주식),인덱스주식섹터,20201006,1972,71,10.70,0.40,KR7364970004,2등급
,미래에셋TIGER2차전지TOP10증권상장지수투자신탁(주식),인덱스주식섹터,20201006,4974,449,-0.91,0.40,KR7364980003,2등급
,미래에셋TIGER게임TOP10증권상장지수투자신탁(주식),인덱스주식섹터,20201006,622,-61,12.00,0.40,KR7364990002,2등급
,미래에셋TIGER인터넷TOP10증권상장지수투자신탁(주식),인덱스주식섹터,20201006,1300,-872,10.91,0.40,KR7365000009,2등급
,미래에셋TIGER글로벌클라우드컴퓨팅INDXX증권상장지수투자신탁(주식-파생형),글로벌주식,20201203,272,0,0.99,0.49,KR7371450008,2등급
,미래에셋TIGER차이나전기차SOLACTIVE증권상장지수투자신탁(주식-파생형),중국주식,20201203,17228,-276,-3.03,0.49,KR7371460007,2등급
,미래에셋TIGER차이나바이오테크SOLACTIVE증권상장지수투자신탁(주식-파생형),중국주식,20201203,580,-8,13.67,0.49,KR7371470006,2등급
,미래에셋TIGER차이나항셍테크증권상장지수투자신탁(주식),중국주식,20201214,13150,570,1.47,0.09,KR7371160003,2등급
,미래에셋TIGER탄소효율그린뉴딜증권상장지수투자신탁(주식),인덱스주식기타,20210204,111,0,11.99,0.09,KR7376410007,2등급
,미래에셋TIGERFn신재생에너지증권상장지수투자신탁(주식),인덱스주식기타,20210304,290,69,26.86,0.50,KR7377990007,2등급
,미래에셋 TIGER 미국테크TOP10 INDXX증권상장지수투자신탁(주식),북미주식,20210408,13500,-345,8.17,0.49,KR7381170000,2등급
,미래에셋 TIGER 미국필라델피아반도체나스닥증권상장지수투자신탁(주식),북미주식,20210408,13400,-280,13.53,0.49,KR7381180009,2등급
,미래에셋TIGER퓨처모빌리티액티브증권상장지수투자신탁(주식),인덱스주식기타,20210521,172,-10,2.63,0.77,KR7387280001,2등급
,미래에셋TIGER글로벌이노베이션액티브증권상장지수투자신탁(주식-재간접형),글로벌주식,20210524,137,0,5.08,0.55,KR7387270002,2등급
,미래에셋TIGER글로벌자율주행&전기차SOLACTIVE증권상장지수투자신탁(주식-파생형),글로벌주식,20210716,2456,-8,4.01,0.49,KR7394660005,2등급
,미래에셋TIGER글로벌리튬&2차전지SOLACTIVE증권상장지수투자신탁(주식-파생형)(합성),글로벌주식,20210716,3424,-20,-1.94,0.49,KR7394670004,2등급
,미래에셋 TIGER 차이나클린에너지SOLACTIVE증권상장지수투자신탁(주식-파생형),중국주식,20210806,276,-28,-3.68,0.49,KR7396510000,2등급
,미래에셋 TIGER 차이나반도체FACTSET증권상장지수투자신탁(주식-파생형),중국주식,20210806,608,4,-6.46,0.49,KR7396520009,2등급
,미래에셋TIGERFn반도체TOP10증권상장지수투자신탁(주식),인덱스주식기타,20210809,5911,-385,10.94,0.45,KR7396500001,2등급
,미래에셋 TIGER Fn메타버스증권상장지수투자신탁(주식),인덱스주식기타,20211012,1184,-49,10.39,0.45,KR7400970000,2등급
,미래에셋 TIGER KRX기후변화솔루션증권상장지수투자신탁(주식),인덱스주식기타,20211028,55,0,17.29,0.09,KR7404540007,2등급
,미래에셋TIGERBBIG레버리지증권상장지수투자신탁(주식-파생형),인덱스주식기타,20211214,85,-10,18.89,0.59,KR7412560005,1등급
,미래에셋TIGER2차전지TOP10레버리지증권상장지수투자신탁(주식-파생형),인덱스주식기타,20211214,8450,950,-4.90,0.29,KR7412570004,1등급
,미래에셋TIGER 글로벌AI플랫폼액티브증권상장지수투자신탁(주식),글로벌주식,20211220,882,-2,8.40,0.79,KR7412770000,2등급
,미래에셋TIGER차이나과창판STAR50증권상장지수투자신탁(주식-파생형)(합성),중국주식,20220111,1700,-5,-4.96,0.09,KR7414780007,2등급
,미래에셋 TIGER KEDI혁신기업ESG30증권상장지수투자신탁(주식),인덱스주식기타,20220207,141,-5,10.52,0.50,KR7417630001,2등급
,미래에셋TIGER미국나스닥100레버리지증권상장지수투자신탁(주식혼합-파생형)(합성),북미주식,20220218,740,-45,11.40,0.25,KR7418660007,1등급
,미래에셋TIGER글로벌AI사이버보안INDXX증권상장지수투자신탁(주식),글로벌주식,20220218,164,4,3.34,0.49,KR7418670006,2등급
,미래에셋TIGER필라델피아반도체레버리지증권상장지수투자신탁(주식혼합-파생형)(합성),정보기술섹터,20220414,1051,-84,26.46,0.58,KR7423920008,1등급
,미래에셋TIGER미국S&P500배당귀족증권상장지수투자신탁(주식),북미주식,20220516,920,25,-0.96,0.25,KR7429000003,2등급
,미래에셋TIGER미국나스닥넥스트100증권상장지수투자신탁(주식),북미주식,20220516,50,0,2.52,0.49,KR7429010002,2등급
,미래에셋TIGER미국나스닥100채권혼합Fn증권상장지수투자신탁(채권혼합),해외채권혼합,20220701,1500,70,1.16,0.25,KR7435420005,4등급
,미래에셋TIGER우량회사채액티브증권상장지수투자신탁(채권),회사채권,20220818,4077,-171,0.00,0.10,KR7438330003,5등급
,미래에셋TIGER차이나항셍테크레버리지증권상장지수투자신탁(주식혼합-파생형)(합성 H),중국주식,20220819,442,-25,9.81,0.58,KR7438320004,1등급
,미래에셋TIGER글로벌멀티에셋TIF액티브증권상장지수투자신탁(채권혼합),해외채권혼합,20220826,140,-35,-0.70,0.55,KR7440340008,3등급
,미래에셋TIGER미국나스닥100커버드콜증권상장지수투자신탁(주식-파생형)(합성),북미주식,20220920,3875,140,-1.04,0.37,KR7441680006,2등급
,미래에셋TIGER MKF배당귀족증권상장지수투자신탁(주식),인덱스주식기타,20221017,71,5,11.53,0.20,KR7445910003,2등급
,미래에셋TIGER미국S&P500증권상장지수투자신탁(주식-파생형)(H),북미주식,20221123,2990,115,6.20,0.07,KR7448290007,2등급
,미래에셋TIGER미국나스닥100증권상장지수투자신탁(주식-파생형)(H),북미주식,20221123,1525,-65,8.71,0.07,KR7448300004,2등급
,미래에셋TIGER테슬라채권혼합Fn증권상장지수투자신탁(채권혼합),채권혼합,20221125,3590,90,1.58,0.25,KR7447770009,4등급
,미래에셋TIGERKOFR금리액티브증권상장지수투자신탁(채권혼합-파생형)(합성),채권혼합,20221128,26172,-312,0.23,0.03,KR7449170000,4등급
,미래에셋TIGER한중전기차증권상장지수투자신탁(주식-파생형)(합성),국내외주식,20221221,85,0,0.14,0.35,KR7449680008,2등급
,미래에셋TIGER한중반도체증권상장지수투자신탁(주식-파생형)(합성),국내외주식,20221221,75,0,5.29,0.35,KR7449690007,2등급
,미래에셋TIGER국고채30년스트립액티브증권상장지수투자신탁(채권),국공채권,20230127,1289,10,-4.73,0.15,KR7451530000,5등급
,미래에셋TIGER종합채권(AA-이상)액티브증권상장지수투자신탁(채권),일반채권,20230127,8119,506,-0.62,0.03,KR7451540009,5등급
,미래에셋TIGER25-10회사채(A+이상)액티브증권상장지수투자신탁(채권),만기매칭채권,20230320,15734,1008,0.25,0.10,KR7453540007,5등급
,미래에셋TIGERTSMC파운드리밸류체인증권상장지수투자신탁(주식),정보기술섹터,20230330,130,-5,9.85,0.49,KR7453950008,2등급
,미래에셋TIGER인도니프티50증권상장지수투자신탁(주식-파생형),인도주식,20230412,3895,120,0.59,0.19,KR7453870008,2등급
,미래에셋TIGER미국달러SOFR금리액티브특별자산상장지수투자신탁(금리-파생형)(합성),해외특별자산,20230504,4155,-138,-2.74,0.05,KR7456610005,2등급
,미래에셋TIGER차이나전기차레버리지증권상장지수투자신탁(주식혼합-파생형)(합성),중국주식,20230504,748,-12,-5.60,0.58,KR7456680008,1등급
,미래에셋TIGER미국30년국채스트립액티브증권상장지수투자신탁(채권-파생형)(합성 H),북미채권,20230525,10822,1275,-1.90,0.15,KR7458250008,2등급
,미래에셋TIGER미국투자등급회사채액티브증권상장지수투자신탁(채권)(H),북미채권,20230525,2232,51,1.13,0.14,KR7458260007,4등급
,미래에셋TIGER미국배당다우존스증권상장지수투자신탁(주식),북미주식,20230616,17650,480,1.11,0.01,KR7458730009,2등급
,미래에셋TIGER미국배당다우존스타겟커버드콜1호증권상장지수투자신탁(주식-파생형),북미주식,20230616,645,10,0.54,0.39,KR7458750007,2등급
,미래에셋TIGER미국배당다우존스타겟커버드콜2호증권상장지수투자신탁(주식-파생형),북미주식,20230616,10285,355,0.15,0.39,KR7458760006,2등급
,미래에셋TIGER코스닥글로벌증권상장지수투자신탁(주식),인덱스주식섹터,20230628,39,-10,13.75,0.15,KR7461580003,2등급
,미래에셋TIGER2차전지소재Fn증권상장지수투자신탁(주식),인덱스주식기타,20230712,12153,39,-1.41,0.39,KR7462010000,2등급
,미래에셋TIGERK방산&우주증권상장지수투자신탁(주식),인덱스주식기타,20230724,560,51,25.97,0.45,KR7463250001,2등급
,미래에셋TIGER글로벌AI&로보틱스INDXX증권상장지수투자신탁(주식),글로벌주식,20230816,680,15,4.15,0.49,KR7464310002,2등급
,미래에셋TIGER글로벌혁신블루칩TOP10증권상장지수투자신탁(주식),글로벌주식,20230825,860,-15,8.04,0.49,KR7464930007,2등급
,미래에셋TIGER일본반도체FACTSET증권상장지수투자신탁(주식),일본주식,20230915,265,-5,10.67,0.49,KR7465660009,2등급
,미래에셋TIGER미국캐시카우100증권상장지수투자신탁(주식),북미주식,20230915,105,0,1.78,0.25,KR7465670008,2등급
,미래에셋TIGER글로벌AI액티브증권상장지수투자신탁(주식),글로벌주식,20231010,1424,-7,11.72,0.79,KR7466950003,2등급
,미래에셋TIGER은행고배당플러스TOP10증권상장지수투자신탁(주식),인덱스주식기타,20231016,2398,112,14.60,0.30,KR7466940004,2등급
,미래에셋 TIGER AI반도체핵심공정증권상장지수투자신탁(주식),인덱스주식기타,20231120,919,79,11.87,0.45,KR7471760009,2등급
,미래에셋TIGER코리아테크액티브증권상장지수투자신탁(주식),인덱스주식섹터,20231124,100,0,11.10,0.77,KR7471780007,2등급
,미래에셋TIGER미국테크TOP10INDXX증권상장지수투자신탁(주식)(H),북미주식,20231201,1985,-210,11.04,0.49,KR7472160001,2등급
,미래에셋TIGER미국테크TOP10채권혼합증권상장지수투자신탁(채권혼합),해외채권혼합,20231201,1660,-10,2.70,0.25,KR7472170000,4등급
,미래에셋TIGER배당커버드콜액티브증권상장지수투자신탁(주식),액티브주식배당,20231211,899,-15,6.75,0.50,KR7472150002,2등급
,미래에셋TIGER미국테크TOP10타겟커버드콜증권상장지수투자신탁(주식-파생형),정보기술섹터,20240112,3750,15,6.27,0.50,KR7474220001,2등급
,미래에셋TIGERCD1년금리액티브증권상장지수투자신탁(채권혼합-파생형)(합성),채권혼합,20240201,9376,-445,0.23,0.01,KR7475630000,4등급
,미래에셋TIGER미국30년국채커버드콜액티브증권상장지수투자신탁(채권-재간접형)(H),북미채권,20240223,15950,565,-0.82,0.39,KR7476550009,4등급
,미래에셋TIGER글로벌비만치료제TOP2PlusINDXX증권상장지수투자신탁(주식),헬스케어섹터,20240228,860,20,6.97,0.45,KR7476690003,2등급
,미래에셋TIGER글로벌온디바이스AI증권상장지수투자신탁(주식),정보기술섹터,20240412,750,-55,6.43,0.49,KR7480310002,2등급
,미래에셋TIGER27-04회사채(A+이상)액티브증권상장지수투자신탁(채권),만기매칭채권,20240417,4041,1036,0.23,0.10,KR7480260009,5등급
,미래에셋TIGER인도빌리언컨슈머증권상장지수투자신탁(주식),인도주식,20240513,1335,0,0.20,(선) 0.49/ 0.49,KR7479730004,2등급
,미래에셋TIGER미국S&P500타겟데일리커버드콜증권상장지수투자신탁(주식),북미주식,20240520,3005,-90,3.05,(선) 0.25/ 0.25,KR7482730009,2등급
,미래에셋TIGER미국나스닥100타겟데일리커버드콜증권상장지수투자신탁(주식),북미주식,20240621,7965,130,5.42,0.25,KR7486290000,2등급
,미래에셋 TIGER 반도체TOP10레버리지증권상장지수투자신탁(주식-파생형),인덱스주식기타,20240722,490,-70,22.16,0.49,KR7488080003,1등급
,미래에셋TIGER미국S&P500동일가중증권상장지수투자신탁(주식),북미주식,20240722,1360,-50,0.52,0.20,KR7488500000,2등급
,미래에셋TIGER미국AI빅테크10증권상장지수투자신탁(주식),정보기술섹터,20240823,1010,-60,8.84,0.30,KR7490090008,2등급
,미래에셋TIGER글로벌AI전력인프라액티브증권상장지수투자신탁(주식),공공서비스섹터,20240909,523,-3,16.25,0.49,KR7491010005,2등급
,미래에셋 TIGER 미국AI반도체팹리스증권상장지수투자신탁(주식),북미주식,20240920,145,-10,13.84,0.49,KR7491830006,2등급
,미래에셋TIGER미국AI빅테크10타겟데일리커버드콜증권상장지수투자신탁(주식),정보기술섹터,20241011,1715,70,8.68,0.25,KR7493810006,2등급
,미래에셋TIGER조선TOP10증권상장지수투자신탁(주식),인덱스주식기타,20241021,1250,-206,12.92,0.35,KR7494670003,2등급
,미래에셋TIGER25-12금융채(AA-이상)증권상장지수투자신탁(채권),만기매칭채권,20241024,12732,1048,0.29,0.10,KR7494900004,5등급
,미래에셋TIGER미국방산TOP10증권상장지수투자신탁(주식),북미주식,20241025,205,0,0.79,0.45,KR7494840002,2등급
,미래에셋TIGER코리아밸류업증권상장지수투자신탁(주식),인덱스주식기타,20241101,1160,-319,12.14,0.01,KR7496080003,2등급
,미래에셋TIGER미국나스닥100ETF선물증권상장지수투자신탁(주식-파생형),북미주식,20241118,200,0,2.90,0.01,KR7483240008,2등급
,미래에셋TIGER미국필라델피아AI반도체나스닥증권상장지수투자신탁(주식),북미주식,20241122,3330,55,14.01,0.49,KR7497570002,
,미래에셋TIGERCD금리플러스액티브증권상장지수투자신탁(채권혼합-파생형)(합성),초단기채권,20241211,3487,-77,0.23,0.01,KR7499660009,4등급
,미래에셋TIGERNVDA-UST커버드콜증권상장지수투자신탁(채권혼합-파생재간접형)(합성),해외채권혼합,20241216,500,0,2.79,0.39,KR70000D0009,3등급
,미래에셋TIGER 26-04 회사채(A+이상)액티브증권상장지수투자신탁(채권),만기매칭채권,20241219,2129,300,0.27,0.10,KR70001S0001,5등급
,미래에셋TIGER미국배당다우존스타겟데일리커버드콜증권상장지수투자신탁(주식),북미주식,20250117,1830,85,1.12,0.25,KR70008S0004,2등급
,미래에셋TIGER미국소비트렌드액티브증권상장지수투자신탁(주식),북미주식,20250214,100,0,3.41,0.79,KR70015K0003,2등급
,미래에셋TIGERTDF2045증권상장지수투자신탁(주식혼합),라이프사이클,20250321,1000,0,2.53,0.19,KR70025N0008,2등급
,미래에셋TIGER머니마켓액티브증권상장지수투자신탁(채권),초단기채권,20250416,9140,6140,0.27,,KR70043B0000,5등급
,미래에셋 TIGER 미국초단기(3개월이하)국채증권상장지수투자신탁(채권-재간접형),북미채권,20250425,966,-34,-2.75,,KR70046A0008,4등급
,미래에셋TIGER차이나테크TOP10증권상장지수투자신탁(주식),중국주식,20250509,930,260,-2.51,,KR70047A0007,2등급
,미래에셋 TIGER 코리아배당다우존스증권상장지수투자신탁(주식),인덱스주식기타,20250519,933,,,,KR70052D0006,2등급
,미래에셋TIGER차이나휴머노이드로봇증권상장지수투자신탁(주식),중국주식,20250523,470,,,,KR70053L0005,2등급
