종목코드,종목명,상장일,분류체계,운용사,수익률(최근 1년),기초지수,추적오차,순자산총액,괴리율,변동성,복제방법,총보수,과세유형
"451060","1Q K200액티브","2023/01/31","주식-시장대표","하나자산운용","6.98","코스피 200","0.92","118284710078","-0.17","높음","실물(액티브)","0.180000","배당소득세(보유기간과세)"
"0026S0","1Q 미국S&P500","2025/03/18","주식-시장대표","하나자산운용","0.00","S&P 500","0.35","76001056054","-0.05","매우높음","실물(패시브)","0.005000","배당소득세(보유기간과세)"
"0004G0","1Q 미국배당30","2025/01/21","주식-전략-배당","하나자산운용","0.00","Solactive U.S. Dividend 30 Index PR","0.47","5275201854","-0.02","매우높음","실물(패시브)","0.100000","배당소득세(보유기간과세)"
"472350","1Q 차이나H(H)","2023/12/12","주식-시장대표","하나자산운용","35.95","Hang Seng China H","1.23","17400305897","-0.43","매우높음","실물(패시브)","0.110000","배당소득세(보유기간과세)"
"495330","1Q 코리아밸류업","2024/11/04","주식-시장대표","하나자산운용","0.00","코리아 밸류업 지수","1.08","27317582524","-0.42","높음","실물(패시브)","0.020000","비과세"
"102110","TIGER 200","2008/04/03","주식-시장대표","미래에셋자산운용","4.56","코스피 200","0.78","2599844463946","-0.08","높음","실물(패시브)","0.050000","비과세"
"139260","TIGER 200 IT","2011/04/06","주식-업종섹터-정보기술","미래에셋자산운용","-19.01","코스피 200 정보기술","0.56","502634162430","0.16","매우높음","실물(패시브)","0.400000","비과세"
"139220","TIGER 200 건설","2011/04/06","주식-업종섹터-건설","미래에셋자산운용","42.64","코스피 200 건설","0.64","38061055097","0.22","매우높음","실물(패시브)","0.400000","비과세"
"139290","TIGER 200 경기소비재","2011/04/06","주식-업종섹터-경기소비재","미래에셋자산운용","-1.08","코스피 200 경기소비재","1.67","4739199958","-0.24","높음","실물(패시브)","0.400000","비과세"
"139270","TIGER 200 금융","2011/04/06","주식-업종섹터-금융","미래에셋자산운용","37.77","코스피 200 금융","1.76","19357327125","0.06","매우높음","실물(패시브)","0.400000","비과세"
"227550","TIGER 200 산업재","2015/09/23","주식-업종섹터-산업재","미래에셋자산운용","34.61","코스피 200 산업재","4.25","4672317230","-0.45","매우높음","실물(패시브)","0.400000","비과세"
"227560","TIGER 200 생활소비재","2015/09/23","주식-업종섹터-생활소비재","미래에셋자산운용","19.02","코스피 200 생활소비재","1.26","6494277431","-0.24","보통","실물(패시브)","0.400000","비과세"
"139250","TIGER 200 에너지화학","2011/04/06","주식-업종섹터-에너지화학","미래에셋자산운용","-15.33","코스피 200 에너지/화학","0.86","21750177639","-0.25","매우높음","실물(패시브)","0.340000","비과세"
"139230","TIGER 200 중공업","2011/04/06","주식-업종섹터-중공업","미래에셋자산운용","119.57","코스피 200 중공업","0.59","199112246886","-0.18","매우높음","실물(패시브)","0.340000","비과세"
"139240","TIGER 200 철강소재","2011/04/06","주식-업종섹터-철강소재","미래에셋자산운용","18.69","코스피 200 철강/소재","1.85","3963492150","-0.34","매우높음","실물(패시브)","0.340000","비과세"
"227540","TIGER 200 헬스케어","2015/09/23","주식-업종섹터-헬스케어","미래에셋자산운용","9.24","코스피 200 헬스케어","2.96","29173271223","-0.25","매우높음","실물(패시브)","0.400000","비과세"
"243880","TIGER 200IT레버리지","2016/05/13","주식-업종섹터-정보기술","미래에셋자산운용","-42.89","코스피 200 정보기술","8.03","18952975981","0.05","매우높음","실물(패시브)","0.630000","배당소득세(보유기간과세)"
"310960","TIGER 200TR","2018/11/20","주식-시장대표","미래에셋자산운용","7.09","코스피 200 TR","0.26","94001736140","-0.14","높음","실물(패시브)","0.090000","배당소득세(보유기간과세)"
"252000","TIGER 200동일가중","2016/09/20","주식-시장대표","미래에셋자산운용","15.65","코스피 200 동일가중지수","1.36","4785443372","-0.53","보통","실물(패시브)","0.210000","비과세"
"267770","TIGER 200선물레버리지","2017/04/25","주식-시장대표","미래에셋자산운용","3.35","코스피 200 선물지수","1.05","93037625664","0.12","매우높음","실물(패시브)","0.022000","배당소득세(보유기간과세)"
"252710","TIGER 200선물인버스2X","2016/09/22","주식-시장대표","미래에셋자산운용","-18.94","코스피 200 선물지수","1.11","60541349939","-0.12","매우높음","실물(패시브)","0.022000","배당소득세(보유기간과세)"
"243890","TIGER 200에너지화학레버리지","2016/05/13","주식-업종섹터-에너지화학","미래에셋자산운용","-36.44","코스피 200 에너지/화학","12.80","3149931049","-0.12","매우높음","실물(패시브)","0.690000","배당소득세(보유기간과세)"
"315270","TIGER 200커뮤니케이션서비스","2019/01/15","주식-업종섹터-커뮤니케이션서비스","미래에셋자산운용","22.25","코스피 200 커뮤니케이션서비스","0.98","6531074654","-0.39","높음","실물(패시브)","0.400000","비과세"
"289480","TIGER 200커버드콜","2018/02/09","주식-전략-구조화","미래에셋자산운용","-7.84","코스피 200 커버드콜 ATM 지수","1.16","26413703766","-0.65","보통","실물(패시브)","0.380000","배당소득세(보유기간과세)"
"166400","TIGER 200커버드콜OTM","2012/10/25","주식-전략-구조화","미래에셋자산운용","-0.56","코스피 200 커버드콜 5% OTM","0.96","6731233810","-0.39","높음","실물(패시브)","0.380000","배당소득세(보유기간과세)"
"364980","TIGER 2차전지TOP10","2020/10/07","주식-업종섹터-업종테마","미래에셋자산운용","-43.90","KRX 2차전지 TOP 10 지수","0.82","315797364574","-0.37","매우높음","실물(패시브)","0.400000","비과세"
"412570","TIGER 2차전지TOP10레버리지","2021/12/15","주식-업종섹터-업종테마","미래에셋자산운용","-75.12","KRX 2차전지 TOP 10 지수","11.65","69926185141","-0.54","매우높음","실물(패시브)","0.290000","배당소득세(보유기간과세)"
"462010","TIGER 2차전지소재Fn","2023/07/13","주식-업종섹터-업종테마","미래에셋자산운용","-53.52","FnGuide 2차전지소재 (Price Return) 지수","0.55","413606584071","-0.17","매우높음","실물(패시브)","0.390000","비과세"
"305540","TIGER 2차전지테마","2018/09/12","주식-업종섹터-업종테마","미래에셋자산운용","-46.26","WISE 2차전지 테마 지수","1.06","775298210707","-0.08","매우높음","실물(패시브)","0.440000","비과세"
"471760","TIGER AI반도체핵심공정","2023/11/21","주식-업종섹터-업종테마","미래에셋자산운용","-38.53","iSelect AI반도체핵심공정지수","0.81","77143160163","-0.24","매우높음","실물(패시브)","0.450000","비과세"
"365040","TIGER AI코리아그로스액티브","2020/09/29","주식-시장대표","미래에셋자산운용","12.08","코스피","1.87","13007663583","-0.19","높음","실물(액티브)","0.400000","배당소득세(보유기간과세)"
"364960","TIGER BBIG","2020/10/07","주식-업종섹터-업종테마","미래에셋자산운용","1.75","KRX BBIG 지수","0.41","132677159191","-0.14","높음","실물(패시브)","0.400000","비과세"
"412560","TIGER BBIG레버리지","2021/12/15","주식-업종섹터-업종테마","미래에셋자산운용","-7.40","KRX BBIG 지수","9.46","1720007838","-0.42","매우높음","실물(패시브)","0.590000","배당소득세(보유기간과세)"
"400970","TIGER Fn메타버스","2021/10/13","주식-업종섹터-업종테마","미래에셋자산운용","12.68","FnGuide 메타버스테마 지수","0.41","92797957325","-0.27","높음","실물(패시브)","0.450000","비과세"
"396500","TIGER Fn반도체TOP10","2021/08/10","주식-업종섹터-업종테마","미래에셋자산운용","-22.15","FnGuide 반도체TOP10 지수","0.54","634109954485","-0.33","매우높음","실물(패시브)","0.450000","비과세"
"377990","TIGER Fn신재생에너지","2021/03/05","주식-업종섹터-업종테마","미래에셋자산운용","20.10","FnGuide 신재생에너지 지수","0.78","30185858182","-0.17","매우높음","실물(패시브)","0.500000","비과세"
"417630","TIGER KEDI혁신기업ESG30","2022/02/08","주식-업종섹터-업종테마","미래에셋자산운용","12.34","KEDI 혁신기업ESG30 지수(시장가격 지수)","0.61","15528585567","-0.29","높음","실물(패시브)","0.500000","비과세"
"292160","TIGER KRX300","2018/03/26","주식-시장대표","미래에셋자산운용","3.39","KRX 300","0.76","9092863755","-0.22","높음","실물(패시브)","0.070000","비과세"
"404540","TIGER KRX기후변화솔루션","2021/10/29","주식-전략-전략테마","미래에셋자산운용","-6.63","KRX 기후변화 솔루션지수","0.66","6387125894","-0.59","매우높음","실물(패시브)","0.090000","비과세"
"228820","TIGER KTOP30","2015/10/14","주식-시장대표","미래에셋자산운용","-5.70","KTOP 30","0.70","6104838764","-0.49","높음","실물(패시브)","0.210000","비과세"
"300610","TIGER K게임","2018/07/24","주식-업종섹터-업종테마","미래에셋자산운용","-0.74","WISE K게임 테마 지수","0.35","13974940099","0.27","매우높음","실물(패시브)","0.500000","비과세"
"463250","TIGER K방산&우주","2023/07/25","주식-업종섹터-업종테마","미래에셋자산운용","127.14","iSelect K방산&우주","1.79","142506317737","-0.25","매우높음","실물(패시브)","0.450000","비과세"
"138530","TIGER LG그룹+펀더멘털","2011/03/10","주식-전략-기업그룹","미래에셋자산운용","-10.50","MKF LG그룹+ FW","1.69","10758784058","0.13","높음","실물(패시브)","0.150000","비과세"
"445910","TIGER MKF배당귀족","2022/10/18","주식-전략-배당","미래에셋자산운용","13.18","MKF 배당귀족 지수(시장가격지수)","1.15","10415922888","-0.13","보통","실물(패시브)","0.200000","비과세"
"289260","TIGER MSCI KOREA ESG리더스","2018/02/07","주식-전략-전략테마","미래에셋자산운용","6.58","MSCI Korea Country ESG Leaders Capped Index","0.74","8318281552","-0.28","매우높음","실물(패시브)","0.400000","비과세"
"289250","TIGER MSCI KOREA ESG유니버설","2018/02/07","주식-전략-전략테마","미래에셋자산운용","3.74","MSCI Korea ESG Universal Index","0.95","7095539036","-0.38","높음","실물(패시브)","0.400000","비과세"
"310970","TIGER MSCI Korea TR","2018/11/20","주식-시장대표","미래에셋자산운용","1.88","MSCI Korea TR Index","0.17","1616269671725","-0.11","높음","실물(패시브)","0.120000","배당소득세(보유기간과세)"
"269370","TIGER S&P글로벌인프라(합성)","2017/05/16","주식-업종섹터","미래에셋자산운용","16.38","S&P Global Infrastructure Index","0.56","10705069209","0.11","낮음","합성(패시브)","0.400000","배당소득세(보유기간과세)"
"248270","TIGER S&P글로벌헬스케어(합성)","2016/07/01","주식-업종섹터-헬스케어","미래에셋자산운용","-7.71","S&P Global 1200 Health Care Index","1.16","24611674237","0.07","보통","합성(패시브)","0.400000","배당소득세(보유기간과세)"
"292150","TIGER TOP10","2018/03/30","주식-규모-대형주","미래에셋자산운용","-6.47","FnGuide TOP10 지수","1.00","1029720442671","0.10","매우높음","실물(패시브)","0.150000","비과세"
"453950","TIGER TSMC파운드리밸류체인","2023/04/04","주식-전략-전략테마","미래에셋자산운용","-9.10","FactSet TSMC 파운드리 밸류체인 지수(시장가격지수)","2.73","19547538168","1.02","매우높음","실물(패시브)","0.490000","배당소득세(보유기간과세)"
"364990","TIGER 게임TOP10","2020/10/07","주식-업종섹터-업종테마","미래에셋자산운용","9.10","KRX 게임 TOP 10 지수","0.56","35944024079","-0.18","매우높음","실물(패시브)","0.400000","비과세"
"139280","TIGER 경기방어","2011/04/06","주식-업종섹터-업종테마","미래에셋자산운용","15.12","코스피 200 경기방어소비재","0.85","64792514660","-0.26","보통","실물(패시브)","0.400000","비과세"
"275980","TIGER 글로벌4차산업혁신기술(합성 H)","2017/08/01","주식-업종섹터-업종테마","미래에셋자산운용","6.29","MorningStar Exponential Technologies Index(PR)","0.43","89501994802","-0.22","높음","합성(패시브)","0.400000","배당소득세(보유기간과세)"
"464310","TIGER 글로벌AI&로보틱스 INDXX","2023/08/17","주식-업종섹터-업종테마","미래에셋자산운용","0.08","Indxx Global Robotics & Artificial Intelligence Thematic Index(Net Total Return)","4.66","82468724026","0.72","매우높음","실물(패시브)","0.490000","배당소득세(보유기간과세)"
"418670","TIGER 글로벌AI사이버보안","2022/02/22","주식-업종섹터-업종테마","미래에셋자산운용","25.61","Indxx Cybersecurity 지수 (총수익)","3.23","24450261643","0.18","매우높음","실물(패시브)","0.490000","배당소득세(보유기간과세)"
"466950","TIGER 글로벌AI액티브","2023/10/11","주식-업종섹터-업종테마","미래에셋자산운용","17.01","Indxx Artificial Intelligence and Big Data 지수(Net Total Return)","14.55","243623291512","0.00","매우높음","실물(액티브)","0.790000","배당소득세(보유기간과세)"
"491010","TIGER 글로벌AI전력인프라액티브","2024/09/10","주식-업종섹터-업종테마","미래에셋자산운용","0.00","Mirae Asset AI Infrastructure 지수(Net Total Return)","13.89","70753541269","-0.17","매우높음","실물(액티브)","0.490000","배당소득세(보유기간과세)"
"412770","TIGER 글로벌AI플랫폼액티브","2021/12/22","주식-업종섹터-업종테마","미래에셋자산운용","24.77","Indxx Global Metaverse Index (Price Return)","5.38","107093278691","-0.22","매우높음","실물(액티브)","0.790000","배당소득세(보유기간과세)"
"394670","TIGER 글로벌리튬&2차전지SOLACTIVE(합성)","2021/07/20","주식-업종섹터-업종테마","미래에셋자산운용","-14.82","Solactive Global Lithium 지수(Net Total Return)","0.59","192874745588","-1.03","매우높음","합성(패시브)","0.490000","배당소득세(보유기간과세)"
"476690","TIGER 글로벌비만치료제TOP2Plus","2024/02/29","주식-업종섹터-업종테마","미래에셋자산운용","-20.57","Indxx Global Obesity Treatment Top 2 Plus 지수 (시장가격)","1.15","78114812542","-0.09","매우높음","실물(패시브)","0.450000","배당소득세(보유기간과세)"
"480310","TIGER 글로벌온디바이스AI","2024/04/16","주식-업종섹터-업종테마","미래에셋자산운용","-4.42","Mirae Asset Global On-Device AI 지수 (시장가격)","1.53","76598370048","0.14","매우높음","실물(패시브)","0.490000","배당소득세(보유기간과세)"
"387270","TIGER 글로벌이노베이션액티브","2021/05/25","주식-시장대표","미래에셋자산운용","10.56","NASDAQ 100","4.71","22824362775","0.21","매우높음","실물(액티브)","0.550000","배당소득세(보유기간과세)"
"276000","TIGER 글로벌자원생산기업(합성 H)","2017/08/01","주식-업종섹터-업종테마","미래에셋자산운용","-2.51","MorningStar Global Upstream Resources Index(PR)","0.63","12719962538","-1.40","보통","합성(패시브)","0.400000","배당소득세(보유기간과세)"
"394660","TIGER 글로벌자율주행&전기차SOLACTIVE","2021/07/20","주식-업종섹터-업종테마","미래에셋자산운용","-7.92","Solactive Autonomous & Electric Vehicles 지수(Net Total Return)","2.27","253639384853","0.22","매우높음","실물(패시브)","0.490000","배당소득세(보유기간과세)"
"371450","TIGER 글로벌클라우드컴퓨팅INDXX","2020/12/08","주식-업종섹터-업종테마","미래에셋자산운용","18.53","Indxx Global Cloud Computing Index(Net Total Return)","1.57","31419186895","-0.62","매우높음","실물(패시브)","0.490000","배당소득세(보유기간과세)"
"464930","TIGER 글로벌혁신블루칩TOP10","2023/08/29","주식-업종섹터-업종테마","미래에셋자산운용","9.44","Mirae Asset Global Innovative Bluechip Top 10 Index(NTR)","1.93","132381788378","0.16","매우높음","실물(패시브)","0.480000","배당소득세(보유기간과세)"
"105010","TIGER 라틴35","2008/08/27","주식-시장대표","미래에셋자산운용","3.47","BNY Latin America 35 ADR","1.96","5388119857","-0.34","높음","실물(패시브)","0.490000","배당소득세(해외주식투자전용ETF)"
"123320","TIGER 레버리지","2010/04/09","주식-시장대표","미래에셋자산운용","4.24","코스피 200","4.72","59328231696","0.05","매우높음","실물(패시브)","0.022000","배당소득세(보유기간과세)"
"174350","TIGER 로우볼","2013/06/20","주식-전략-변동성","미래에셋자산운용","22.72","FnGuide Low Vol 지수","1.62","7394070754","-0.06","보통","실물(패시브)","0.400000","비과세"
"147970","TIGER 모멘텀","2011/10/26","주식-전략-성장","미래에셋자산운용","37.12","FnGuide 모멘텀 지수","1.13","8804722911","-0.14","높음","실물(패시브)","0.230000","비과세"
"491830","TIGER 미국AI반도체팹리스","2024/09/24","주식-업종섹터-업종테마","미래에셋자산운용","0.00","Mirae Asset US AI Fabless 지수(Net Total Return)","0.83","16014209273","0.05","매우높음","실물(패시브)","0.490000","배당소득세(보유기간과세)"
"490090","TIGER 미국AI빅테크10","2024/08/27","주식-업종섹터-업종테마","미래에셋자산운용","0.00","KEDI 미국AI빅테크10 지수(PR)","0.29","111534040087","0.20","매우높음","실물(패시브)","0.300000","배당소득세(보유기간과세)"
"493810","TIGER 미국AI빅테크10타겟데일리커버드콜","2024/10/15","주식-전략-구조화","미래에셋자산운용","0.00","KEDI 미국AI빅테크10+15%데일리프리미엄 지수(TR)","0.82","163113564603","0.47","매우높음","실물(패시브)","0.250000","배당소득세(보유기간과세)"
"360750","TIGER 미국S&P500","2020/08/07","주식-시장대표","미래에셋자산운용","11.10","S&P 500","0.25","8146816997228","0.04","높음","실물(패시브)","0.006000","배당소득세(보유기간과세)"
"448290","TIGER 미국S&P500(H)","2022/11/25","주식-시장대표","미래에셋자산운용","10.64","S&P 500","0.38","425295431525","0.03","높음","실물(패시브)","0.070000","배당소득세(보유기간과세)"
"488500","TIGER 미국S&P500동일가중","2024/07/23","주식-시장대표","미래에셋자산운용","0.00","S&P 500 Equal Weight Index(PR)","0.23","140302364802","-0.21","높음","실물(패시브)","0.200000","배당소득세(보유기간과세)"
"225040","TIGER 미국S&P500레버리지(합성 H)","2015/07/29","주식-시장대표","미래에셋자산운용","15.01","S&P 500","1.02","55629245249","0.01","매우높음","합성(패시브)","0.270000","배당소득세(보유기간과세)"
"429000","TIGER 미국S&P500배당귀족","2022/05/17","주식-전략-배당","미래에셋자산운용","1.98","S&P 500 Dividend Aristocrats 지수 (Price Return)","0.29","107120716229","-0.25","보통","실물(패시브)","0.250000","배당소득세(보유기간과세)"
"143850","TIGER 미국S&P500선물(H)","2011/07/18","주식-시장대표","미래에셋자산운용","8.40","S&P 500 Futures Index(ER)","0.96","136013708941","-0.03","높음","실물(패시브)","0.230000","배당소득세(보유기간과세)"
"225030","TIGER 미국S&P500선물인버스(H)","2015/07/29","주식-시장대표","미래에셋자산운용","-9.75","S&P 500 Futures Total Return Index","0.55","6884650599","0.05","높음","실물(패시브)","0.590000","배당소득세(보유기간과세)"
"482730","TIGER 미국S&P500타겟데일리커버드콜","2024/05/21","주식-전략-구조화","미래에셋자산운용","0.93","S&P500 10% Daily Premium Covered Call Index(TR)","0.21","309329545209","0.06","높음","실물(패시브)","0.250000","배당소득세(보유기간과세)"
"133690","TIGER 미국나스닥100","2010/10/18","주식-시장대표","미래에셋자산운용","13.46","NASDAQ 100","0.19","4989688311755","0.05","매우높음","실물(패시브)","0.700000","배당소득세(해외주식투자전용ETF)"
"448300","TIGER 미국나스닥100(H)","2022/11/25","주식-시장대표","미래에셋자산운용","12.89","NASDAQ 100","0.40","265400593580","0.05","매우높음","실물(패시브)","0.070000","배당소득세(보유기간과세)"
"483240","TIGER 미국나스닥100ETF선물","2024/11/19","주식-시장대표","미래에셋자산운용","0.00","KRX 나스닥 100 ETF 선물지수","4.14","20616778418","-0.23","매우높음","실물(패시브)","0.009000","배당소득세(보유기간과세)"
"418660","TIGER 미국나스닥100레버리지(합성)","2022/02/22","주식-시장대표","미래에셋자산운용","19.54","NASDAQ 100","2.07","174933299384","0.15","매우높음","합성(패시브)","0.250000","배당소득세(보유기간과세)"
"441680","TIGER 미국나스닥100커버드콜(합성)","2022/09/22","주식-전략-구조화","미래에셋자산운용","-6.83","Cboe Nasdaq-100 BuyWrite V2 지수 (Total Return)","0.21","379984786787","-0.52","높음","합성(패시브)","0.370000","배당소득세(보유기간과세)"
"486290","TIGER 미국나스닥100타겟데일리커버드콜","2024/06/25","주식-전략-구조화","미래에셋자산운용","0.00","NASDAQ 100 Daily Covered Call Target Premium 15% 지수(TR)","0.29","745929636783","-0.11","매우높음","실물(패시브)","0.250000","배당소득세(보유기간과세)"
"429010","TIGER 미국나스닥넥스트100","2022/05/17","주식-시장대표","미래에셋자산운용","11.64","Nasdaq Next Generation 100 지수 (Price Return)","0.73","6808514976","-0.31","매우높음","실물(패시브)","0.490000","배당소득세(보유기간과세)"
"203780","TIGER 미국나스닥바이오","2014/08/27","주식-업종섹터-헬스케어","미래에셋자산운용","-5.91","NASDAQ Biotechnology 지수(시장가격지수)","0.50","54008333310","-0.55","매우높음","실물(패시브)","0.300000","배당소득세(해외주식투자전용ETF)"
"245340","TIGER 미국다우존스30","2016/07/01","주식-시장대표","미래에셋자산운용","8.56","Dow Jones Industrial Average","0.24","105630675103","0.00","보통","실물(패시브)","0.350000","배당소득세(해외주식투자전용ETF)"
"494840","TIGER 미국방산TOP10","2024/10/29","주식-업종섹터-업종테마","미래에셋자산운용","0.00","Mirae Asset US Defense Top 10 Index(PR)","0.54","21068058717","-0.70","높음","실물(패시브)","0.450000","배당소득세(보유기간과세)"
"458730","TIGER 미국배당다우존스","2023/06/20","주식-전략-배당","미래에셋자산운용","1.19","Dow Jones U.S. Dividend 100 Price Return Index","0.40","2039621576763","-0.13","보통","실물(패시브)","0.010000","배당소득세(보유기간과세)"
"0008S0","TIGER 미국배당다우존스타겟데일리커버드콜","2025/01/21","주식-전략-배당","미래에셋자산운용","0.00","Dow Jones U.S. Dividend 100 10% Daily Premium Covered Call 지수","0.50","157296977722","-0.05","높음","실물(패시브)","0.250000","배당소득세(보유기간과세)"
"458750","TIGER 미국배당다우존스타겟커버드콜1호","2023/06/20","주식-전략-배당","미래에셋자산운용","-2.51","DowJones U.S. Dividend 100 3% Premium Covered Call 지수 (TR)","0.68","67828419810","-0.15","보통","실물(패시브)","0.390000","배당소득세(보유기간과세)"
"458760","TIGER 미국배당다우존스타겟커버드콜2호","2023/06/20","주식-전략-배당","미래에셋자산운용","-7.27","DowJones U.S. Dividend 100 7% Premium Covered Call 지수 (TR)","1.39","972156562364","-0.14","보통","실물(패시브)","0.390000","배당소득세(보유기간과세)"
"0015K0","TIGER 미국소비트렌드액티브","2025/02/18","주식-업종섹터-업종테마","미래에셋자산운용","0.00","Mirae Asset US Consumer Trend 지수 (Net Total Return)","15.22","8147163806","-0.89","매우높음","실물(액티브)","0.790000","배당소득세(보유기간과세)"
"465670","TIGER 미국캐시카우100","2023/09/19","주식-전략-전략테마","미래에셋자산운용","2.88","Global X U.S. Cash Flow Kings 100 Index(TR)","0.31","12555519303","0.10","높음","실물(패시브)","0.250000","배당소득세(보유기간과세)"
"381170","TIGER 미국테크TOP10 INDXX","2021/04/09","주식-업종섹터-업종테마","미래에셋자산운용","16.79","Indxx US Tech Top 10 Index","0.15","3144867903189","0.03","매우높음","실물(패시브)","0.490000","배당소득세(보유기간과세)"
"472160","TIGER 미국테크TOP10 INDXX(H)","2023/12/05","주식-업종섹터-업종테마","미래에셋자산운용","15.30","Indxx US Tech Top 10 Index","0.53","299654365263","0.06","매우높음","실물(패시브)","0.490000","배당소득세(보유기간과세)"
"474220","TIGER 미국테크TOP10타겟커버드콜","2024/01/16","주식-전략-구조화","미래에셋자산운용","5.19","Bloomberg U.S. Tech Top10+10% Premium Covered Call Index","0.75","476830920007","0.12","매우높음","실물(패시브)","0.500000","배당소득세(보유기간과세)"
"497570","TIGER 미국필라델피아AI반도체나스닥","2024/11/26","주식-업종섹터-업종테마","미래에셋자산운용","0.00","PHLX US AI Semiconductor 지수 (PR)","0.41","352300265238","0.21","매우높음","실물(패시브)","0.490000","배당소득세(보유기간과세)"
"381180","TIGER 미국필라델피아반도체나스닥","2021/04/09","주식-업종섹터","미래에셋자산운용","-3.90","PHLX Semiconductor Sector Index","0.55","2480939135631","0.35","매우높음","실물(패시브)","0.490000","배당소득세(보유기간과세)"
"423920","TIGER 미국필라델피아반도체레버리지(합성)","2022/04/19","주식-업종섹터","미래에셋자산운용","-28.09","PHLX Semiconductor Sector Index","1.85","208159730553","0.18","매우높음","합성(패시브)","0.580000","배당소득세(보유기간과세)"
"228810","TIGER 미디어컨텐츠","2015/10/07","주식-업종섹터-업종테마","미래에셋자산운용","43.37","WISE 미디어컨텐츠 지수","0.67","155423824793","0.16","매우높음","실물(패시브)","0.440000","비과세"
"364970","TIGER 바이오TOP10","2020/10/07","주식-업종섹터-업종테마","미래에셋자산운용","20.61","KRX 바이오 TOP 10 지수","0.77","148568029551","-0.43","매우높음","실물(패시브)","0.400000","비과세"
"091230","TIGER 반도체","2006/06/27","주식-업종섹터-정보기술","미래에셋자산운용","-21.33","KRX 반도체","0.43","250362692113","0.05","매우높음","실물(패시브)","0.460000","비과세"
"488080","TIGER 반도체TOP10레버리지","2024/07/23","주식-업종섹터-업종테마","미래에셋자산운용","0.00","FnGuide 반도체TOP10 지수","4.29","26675653300","-0.19","매우높음","실물(패시브)","0.490000","배당소득세(보유기간과세)"
"098560","TIGER 방송통신","2007/09/07","주식-업종섹터-경기소비재","미래에셋자산운용","23.03","KRX 방송통신","2.07","2788301155","-0.01","보통","실물(패시브)","0.460000","비과세"
"211560","TIGER 배당성장","2014/12/17","주식-전략-배당","미래에셋자산운용","18.72","코스피 배당성장 50","1.50","34420656649","0.19","높음","실물(패시브)","0.115000","비과세"
"472150","TIGER 배당커버드콜액티브","2023/12/12","주식-전략-구조화","미래에셋자산운용","-0.86","코스피 200 커버드콜 5% OTM","3.20","99480568888","-0.34","높음","실물(액티브)","0.500000","배당소득세(보유기간과세)"
"138520","TIGER 삼성그룹펀더멘털","2011/03/07","주식-전략-기업그룹","미래에셋자산운용","0.95","MKF SAMs FW","0.77","192036923055","-0.19","높음","실물(패시브)","0.113000","비과세"
"157490","TIGER 소프트웨어","2012/05/16","주식-업종섹터-정보기술","미래에셋자산운용","10.10","FnGuide 소프트웨어 지수","0.31","159074578595","-0.37","매우높음","실물(패시브)","0.400000","비과세"
"228800","TIGER 여행레저","2015/10/07","주식-업종섹터-업종테마","미래에셋자산운용","-0.29","WISE 여행레저 지수","0.93","112205280255","-0.51","높음","실물(패시브)","0.500000","비과세"
"227570","TIGER 우량가치","2015/09/23","주식-전략-가치","미래에셋자산운용","23.70","FnGuide 퀄리티밸류 지수","1.35","7034482068","-0.10","보통","실물(패시브)","0.350000","비과세"
"261140","TIGER 우선주","2017/01/06","주식-전략-전략테마","미래에셋자산운용","4.40","코스피 우선주 지수","2.59","10142385156","-0.45","높음","실물(패시브)","0.290000","비과세"
"195930","TIGER 유로스탁스50(합성 H)","2014/04/30","주식-시장대표","미래에셋자산운용","9.24","EURO STOXX 50 Index","1.11","38516244313","-0.62","높음","합성(패시브)","0.240000","배당소득세(보유기간과세)"
"225050","TIGER 유로스탁스레버리지(합성 H)","2015/07/29","주식-시장대표","미래에셋자산운용","6.72","EURO STOXX 50 Index","3.51","8463522016","-0.54","매우높음","합성(패시브)","0.580000","배당소득세(보유기간과세)"
"245350","TIGER 유로스탁스배당30","2016/07/01","주식-전략-배당","미래에셋자산운용","23.42","Euro STOXX Select Dividend 30","4.11","32245892608","-0.51","보통","실물(패시브)","0.350000","배당소득세(해외주식투자전용ETF)"
"091220","TIGER 은행","2006/06/27","주식-업종섹터-금융","미래에셋자산운용","35.47","KRX 은행","2.50","10459632238","-0.11","매우높음","실물(패시브)","0.460000","비과세"
"466940","TIGER 은행고배당플러스TOP10","2023/10/17","주식-전략-배당","미래에셋자산운용","34.57","FnGuide 은행고배당플러스TOP10 지수(시장가격 지수)","2.57","392975592889","0.06","매우높음","실물(패시브)","0.300000","비과세"
"307510","TIGER 의료기기","2018/11/08","주식-업종섹터-업종테마","미래에셋자산운용","17.18","FnGuide 의료기기 지수","0.95","7610203121","-0.16","매우높음","실물(패시브)","0.500000","비과세"
"225060","TIGER 이머징마켓MSCI레버리지(합성 H)","2015/07/29","주식-시장대표","미래에셋자산운용","12.31","MSCI EM Index","1.78","9844542916","-1.62","매우높음","합성(패시브)","0.580000","배당소득세(보유기간과세)"
"453870","TIGER 인도니프티50","2023/04/14","주식-시장대표","미래에셋자산운용","2.76","Nifty 50 Index","0.49","525497504022","-0.13","보통","실물(패시브)","0.190000","배당소득세(보유기간과세)"
"236350","TIGER 인도니프티50레버리지(합성)","2016/05/13","주식-시장대표","미래에셋자산운용","0.49","Nifty 50 Index","1.44","31455681684","-0.29","매우높음","합성(패시브)","0.580000","배당소득세(보유기간과세)"
"479730","TIGER 인도빌리언컨슈머","2024/05/14","주식-업종섹터","미래에셋자산운용","-7.80","Mirae Asset India Billion Consumer 지수","4.45","133865055514","-0.60","보통","실물(패시브)","0.490000","배당소득세(보유기간과세)"
"123310","TIGER 인버스","2010/03/29","주식-시장대표","미래에셋자산운용","-6.62","코스피 200 선물지수","0.79","32785153033","0.08","높음","실물(패시브)","0.022000","배당소득세(보유기간과세)"
"365000","TIGER 인터넷TOP10","2020/10/07","주식-업종섹터-업종테마","미래에셋자산운용","9.52","KRX 인터넷 TOP 10 지수","2.54","102484750769","0.25","매우높음","실물(패시브)","0.400000","비과세"
"195920","TIGER 일본TOPIX(합성 H)","2014/04/30","주식-시장대표","미래에셋자산운용","0.64","TOPIX","1.83","11933033707","-1.03","매우높음","합성(패시브)","0.240000","배당소득세(보유기간과세)"
"241180","TIGER 일본니케이225","2016/03/31","주식-시장대표","미래에셋자산운용","5.00","Nikkei 225","2.21","244832293993","0.27","높음","실물(패시브)","0.290000","배당소득세(해외주식투자전용ETF)"
"465660","TIGER 일본반도체FACTSET","2023/09/19","주식-업종섹터-업종테마","미래에셋자산운용","-22.71","FactSet Japan Semiconductor Index(PR)","1.94","30481342110","-1.50","매우높음","실물(패시브)","0.490000","배당소득세(보유기간과세)"
"494670","TIGER 조선TOP10","2024/10/22","주식-업종섹터-업종테마","미래에셋자산운용","0.00","iSelect 조선TOP10 Index(PR)","0.87","302844464138","-0.21","매우높음","실물(패시브)","0.350000","비과세"
"150460","TIGER 중국소비테마","2011/12/16","주식-전략-전략테마","미래에셋자산운용","8.14","FnGuide 중국내수테마 지수","1.30","100501826754","0.05","매우높음","실물(패시브)","0.500000","비과세"
"157500","TIGER 증권","2012/05/16","주식-업종섹터-금융","미래에셋자산운용","69.79","FnGuide 증권 지수","1.89","18582136053","0.16","매우높음","실물(패시브)","0.400000","비과세"
"307520","TIGER 지주회사","2018/11/08","주식-업종섹터-업종테마","미래에셋자산운용","27.38","FnGuide 지주회사 지수","1.28","82040645785","0.19","매우높음","실물(패시브)","0.500000","비과세"
"192090","TIGER 차이나CSI300","2014/02/17","주식-시장대표","미래에셋자산운용","9.04","CSI 300 Index","4.24","175494313237","-0.80","매우높음","실물(패시브)","0.630000","배당소득세(해외주식투자전용ETF)"
"204480","TIGER 차이나CSI300레버리지(합성)","2014/09/01","주식-시장대표","미래에셋자산운용","8.13","CSI 300 Index","3.42","82697434222","-3.11","매우높음","합성(패시브)","0.580000","배당소득세(보유기간과세)"
"217780","TIGER 차이나CSI300인버스(합성)","2015/06/10","주식-시장대표","미래에셋자산운용","-11.70","CSI 300 Index","1.86","12776774161","-1.08","높음","합성(패시브)","0.580000","배당소득세(보유기간과세)"
"245360","TIGER 차이나HSCEI","2016/06/16","주식-시장대표","미래에셋자산운용","34.10","Hang Seng China H","1.14","65952372007","-0.62","매우높음","실물(패시브)","0.290000","배당소득세(해외주식투자전용ETF)"
"414780","TIGER 차이나과창판STAR50(합성)","2022/01/13","주식-시장대표","미래에셋자산운용","33.96","STAR 50 Index(Price Return)","0.25","132531096655","-3.35","매우높음","합성(패시브)","0.090000","배당소득세(보유기간과세)"
"371470","TIGER 차이나바이오테크SOLACTIVE","2020/12/08","주식-업종섹터-업종테마","미래에셋자산운용","38.55","Solactive China Biotech Index(Net Total Return)","2.35","41832020915","1.35","매우높음","실물(패시브)","0.490000","배당소득세(보유기간과세)"
"396520","TIGER 차이나반도체FACTSET","2021/08/10","주식-업종섹터-업종테마","미래에셋자산운용","21.04","FactSet China Semiconductor 지수(Net Total Return)","11.39","39380573305","-2.73","매우높음","실물(패시브)","0.490000","배당소득세(보유기간과세)"
"371460","TIGER 차이나전기차SOLACTIVE","2020/12/08","주식-업종섹터-업종테마","미래에셋자산운용","19.82","Solactive China Electric Vehicle and Battery Index(Net Total Return)","3.32","1606319834493","-1.42","매우높음","실물(패시브)","0.490000","배당소득세(보유기간과세)"
"456680","TIGER 차이나전기차레버리지(합성)","2023/05/09","주식-업종섹터-업종테마","미래에셋자산운용","25.03","Solactive China Electric Vehicle and Battery Index(Net Total Return)","2.81","42309766648","-2.85","매우높음","합성(패시브)","0.580000","배당소득세(보유기간과세)"
"396510","TIGER 차이나클린에너지SOLACTIVE","2021/08/10","주식-업종섹터-업종테마","미래에셋자산운용","-7.71","Solactive China Clean Energy 지수(Net Total Return)","1.96","15080492437","-2.45","매우높음","실물(패시브)","0.490000","배당소득세(보유기간과세)"
"0047A0","TIGER 차이나테크TOP10","2025/05/13","주식-업종섹터-업종테마","미래에셋자산운용","0.00","Mirae Asset China Tech Top 10 지수 (Price Return)","0.67","76814969422","-1.53","매우높음","실물(패시브)","0.490000","배당소득세(보유기간과세)"
"117690","TIGER 차이나항셍30","2009/10/21","주식-시장대표","미래에셋자산운용","35.31","Hang Seng China (Hong Kong-listed) 30 Index","1.68","12376971457","-2.20","매우높음","실물(패시브)","0.400000","배당소득세(해외주식투자전용ETF)"
"371160","TIGER 차이나항셍테크","2020/12/16","주식-업종섹터-업종테마","미래에셋자산운용","42.20","Hang Seng TECH Index","0.48","1080147931893","-1.19","매우높음","실물(패시브)","0.090000","배당소득세(보유기간과세)"
"438320","TIGER 차이나항셍테크레버리지(합성 H)","2022/08/23","주식-업종섹터-업종테마","미래에셋자산운용","56.83","Hang Seng TECH Index","2.60","39421700463","-2.78","매우높음","합성(패시브)","0.580000","배당소득세(보유기간과세)"
"0053L0","TIGER 차이나휴머노이드로봇","2025/05/27","주식-업종섹터-업종테마","미래에셋자산운용","0.00","Mirae Asset China Humanoid Robot 지수(PR)","1.20","44912051340","-1.89","매우높음","실물(패시브)","0.490000","배당소득세(보유기간과세)"
"0052D0","TIGER 코리아배당다우존스","2025/05/20","주식-전략-배당","미래에셋자산운용","0.00","Dow Jones Korea Dividend 30 지수 (Price Return)","1.11","90552469230","0.22","높음","실물(패시브)","0.250000","비과세"
"496080","TIGER 코리아밸류업","2024/11/04","주식-시장대표","미래에셋자산운용","0.00","코리아 밸류업 지수","1.21","167565863103","0.02","높음","실물(패시브)","0.008000","비과세"
"471780","TIGER 코리아테크액티브","2023/11/28","주식-업종섹터-정보기술","미래에셋자산운용","-20.52","KRX 정보기술","6.57","9041046450","-0.18","매우높음","실물(액티브)","0.770000","배당소득세(보유기간과세)"
"232080","TIGER 코스닥150","2015/11/12","주식-시장대표","미래에셋자산운용","-10.38","코스닥 150","0.39","149163443685","-0.26","매우높음","실물(패시브)","0.190000","비과세"
"233160","TIGER 코스닥150 레버리지","2015/12/17","주식-시장대표","미래에셋자산운용","-28.84","코스닥 150","7.09","71794390969","-0.49","매우높음","실물(패시브)","0.320000","배당소득세(보유기간과세)"
"261060","TIGER 코스닥150IT","2016/12/15","주식-업종섹터-정보기술","미래에셋자산운용","-23.89","코스닥 150 정보기술","0.68","2551124387","-0.24","매우높음","실물(패시브)","0.400000","비과세"
"261070","TIGER 코스닥150바이오테크","2016/12/15","주식-업종섹터-헬스케어","미래에셋자산운용","35.77","코스닥 150 헬스케어","0.90","24172473128","-0.47","매우높음","실물(패시브)","0.400000","비과세"
"250780","TIGER 코스닥150선물인버스","2016/08/10","주식-시장대표","미래에셋자산운용","4.63","F-코스닥150 지수","0.29","14313299245","0.20","매우높음","실물(패시브)","0.320000","배당소득세(보유기간과세)"
"461580","TIGER 코스닥글로벌","2023/06/29","주식-시장대표","미래에셋자산운용","-1.70","코스닥 글로벌 지수","0.23","6061745973","0.05","매우높음","실물(패시브)","0.150000","비과세"
"277630","TIGER 코스피","2017/08/31","주식-시장대표","미래에셋자산운용","6.83","코스피","0.72","187820478530","-0.03","높음","실물(패시브)","0.120000","비과세"
"210780","TIGER 코스피고배당","2014/12/05","주식-전략-배당","미래에셋자산운용","20.83","코스피 고배당 50","1.86","32535728552","0.16","보통","실물(패시브)","0.240000","비과세"
"277640","TIGER 코스피대형주","2017/08/31","주식-규모-대형주","미래에셋자산운용","6.72","코스피 대형주","0.74","7161482303","-0.20","매우높음","실물(패시브)","0.240000","비과세"
"277650","TIGER 코스피중형주","2017/08/31","주식-규모-중형주","미래에셋자산운용","6.67","코스피 중형주","0.83","4132055764","-0.38","높음","실물(패시브)","0.240000","비과세"
"376410","TIGER 탄소효율그린뉴딜","2021/02/05","주식-전략-전략테마","미래에셋자산운용","3.21","KRX/S&P 탄소효율 그린뉴딜지수","0.69","10484395350","-0.38","높음","실물(패시브)","0.090000","비과세"
"387280","TIGER 퓨처모빌리티액티브","2021/05/25","주식-업종섹터-업종테마","미래에셋자산운용","-34.04","FnGuide 퓨처모빌리티 지수","11.10","11298936159","-0.48","매우높음","실물(액티브)","0.770000","배당소득세(보유기간과세)"
"449690","TIGER 한중반도체(합성)","2022/12/22","주식-업종섹터-업종테마","미래에셋자산운용","19.56","KRX CSI 한·중 반도체지수","0.33","11814900888","-0.85","매우높음","합성(패시브)","0.350000","배당소득세(보유기간과세)"
"449680","TIGER 한중전기차(합성)","2022/12/22","주식-업종섹터-업종테마","미래에셋자산운용","-11.14","KRX CSI 한·중 전기차지수","0.37","6455985311","0.33","매우높음","합성(패시브)","0.350000","배당소득세(보유기간과세)"
"143860","TIGER 헬스케어","2011/07/18","주식-업종섹터-헬스케어","미래에셋자산운용","20.46","KRX 헬스케어","0.35","237787326070","-0.25","매우높음","실물(패시브)","0.400000","비과세"
"138540","TIGER 현대차그룹+펀더멘털","2011/03/10","주식-전략-기업그룹","미래에셋자산운용","10.72","MKF 현대차그룹+ FW","2.06","83052777012","-0.28","매우높음","실물(패시브)","0.150000","비과세"
"228790","TIGER 화장품","2015/10/07","주식-업종섹터-업종테마","미래에셋자산운용","21.67","WISE 화장품 지수","0.34","245827160476","-0.10","매우높음","실물(패시브)","0.500000","비과세"
"069500","KODEX 200","2002/10/14","주식-시장대표","삼성자산운용","4.75","코스피 200","0.83","6501899654160","-0.05","높음","실물(패시브)","0.150000","비과세"
"226980","KODEX 200 중소형","2015/09/01","주식-규모-중형주","삼성자산운용","19.92","코스피 200 중소형주지수","0.81","11575390257","-0.25","높음","실물(패시브)","0.300000","비과세"
"337160","KODEX 200ESG","2019/11/14","주식-전략-전략테마","삼성자산운용","7.93","코스피 200 ESG 지수","0.80","38877462795","0.11","높음","실물(패시브)","0.090000","비과세"
"363580","KODEX 200IT TR","2020/09/25","주식-업종섹터-정보기술","삼성자산운용","-18.14","코스피200 정보기술 TR","0.15","34758513031","-0.16","매우높음","실물(패시브)","0.150000","배당소득세(보유기간과세)"
"278530","KODEX 200TR","2017/11/21","주식-시장대표","삼성자산운용","7.32","코스피 200 TR","0.32","2533300803405","-0.05","높음","실물(패시브)","0.050000","배당소득세(보유기간과세)"
"337150","KODEX 200exTOP","2019/11/14","주식-규모-대형주","삼성자산운용","15.12","코스피 200 초대형제외 지수","0.87","11293541309","-0.47","높음","실물(패시브)","0.300000","비과세"
"223190","KODEX 200가치저변동","2015/06/26","주식-전략-가치","삼성자산운용","10.33","코스피 200 가치저변동성","1.17","12522305876","0.18","높음","실물(패시브)","0.300000","비과세"
"252650","KODEX 200동일가중","2016/09/20","주식-시장대표","삼성자산운용","14.80","코스피 200 동일가중지수","0.79","7760048642","0.17","높음","실물(패시브)","0.250000","비과세"
"360140","KODEX 200롱코스닥150숏선물","2020/08/21","주식-전략-전략테마","삼성자산운용","14.74","코스피200 롱 100% 코스닥150 숏 100% 선물지수","2.59","27966720924","0.17","보통","실물(패시브)","0.640000","배당소득세(보유기간과세)"
"252670","KODEX 200선물인버스2X","2016/09/22","주식-시장대표","삼성자산운용","-18.98","코스피 200 선물지수","0.66","1296861080522","-0.08","매우높음","실물(패시브)","0.640000","배당소득세(보유기간과세)"
"494890","KODEX 200액티브","2024/10/29","주식-시장대표","삼성자산운용","0.00","코스피 200","1.02","280584153515","-0.57","높음","실물(액티브)","0.150000","배당소득세(보유기간과세)"
"498400","KODEX 200타겟위클리커버드콜","2024/12/03","주식-전략-구조화","삼성자산운용","0.00","코스피 200 타겟 위클리 커버드콜 지수","1.36","482357328829","0.16","보통","실물(패시브)","0.390000","배당소득세(보유기간과세)"
"305720","KODEX 2차전지산업","2018/09/12","주식-업종섹터-업종테마","삼성자산운용","-48.47","FnGuide 2차전지 산업 지수","0.57","849013400065","-0.20","매우높음","실물(패시브)","0.450000","비과세"
"462330","KODEX 2차전지산업레버리지","2023/07/04","주식-업종섹터-업종테마","삼성자산운용","-78.59","FnGuide 2차전지 산업 지수","6.50","197366503795","-0.26","매우높음","실물(패시브)","0.490000","배당소득세(보유기간과세)"
"461950","KODEX 2차전지핵심소재10","2023/07/04","주식-업종섹터-업종테마","삼성자산운용","-53.69","FnGuide 2차전지핵심소재10 지수","0.47","119159734490","-0.15","매우높음","실물(패시브)","0.390000","비과세"
"395160","KODEX AI반도체","2021/07/30","주식-업종섹터-업종테마","삼성자산운용","-21.62","FnGuide AI반도체지수","0.80","244436142966","0.22","매우높음","실물(패시브)","0.450000","비과세"
"471990","KODEX AI반도체핵심장비","2023/11/21","주식-업종섹터-업종테마","삼성자산운용","-36.38","iSelect AI 반도체핵심장비 지수","0.67","116120247973","-0.13","매우높음","실물(패시브)","0.390000","비과세"
"487240","KODEX AI전력핵심설비","2024/07/09","주식-업종섹터-업종테마","삼성자산운용","0.00","iSelect AI 전력핵심설비 지수(Price Return)","0.53","202814973894","0.18","매우높음","실물(패시브)","0.390000","비과세"
"266370","KODEX IT","2017/03/28","주식-업종섹터-정보기술","삼성자산운용","-23.83","KRX 정보기술","0.75","19073740071","0.16","매우높음","실물(패시브)","0.450000","비과세"
"368680","KODEX K-뉴딜디지털플러스","2020/11/10","주식-업종섹터-업종테마","삼성자산운용","-8.82","FnGuide K-뉴딜 디지털 플러스 지수","0.29","7778492701","-0.58","높음","실물(패시브)","0.090000","비과세"
"292190","KODEX KRX300","2018/03/26","주식-시장대표","삼성자산운용","3.37","KRX 300","0.79","21618724820","-0.42","높음","실물(패시브)","0.050000","비과세"
"306950","KODEX KRX300레버리지","2018/10/16","주식-시장대표","삼성자산운용","-1.27","KRX 300","6.46","15689660537","-0.83","매우높음","실물(패시브)","0.640000","배당소득세(보유기간과세)"
"229720","KODEX KTOP30","2015/10/14","주식-시장대표","삼성자산운용","-6.05","KTOP 30","0.73","8064532131","-0.43","높음","실물(패시브)","0.250000","비과세"
"291890","KODEX MSCI EM선물(H)","2018/03/23","주식-시장대표","삼성자산운용","8.58","iEdge Emerging Markets Futures Index(ER)","0.74","5372276451","-0.38","높음","실물(패시브)","0.450000","배당소득세(보유기간과세)"
"289040","KODEX MSCI KOREA ESG유니버설","2018/02/07","주식-전략-전략테마","삼성자산운용","2.89","MSCI Korea ESG Universal Capped Index","0.90","7791910984","-0.69","높음","실물(패시브)","0.300000","비과세"
"156080","KODEX MSCI Korea","2012/04/30","주식-시장대표","삼성자산운용","-0.32","MSCI Korea Index","0.82","12064012594","0.18","높음","실물(패시브)","0.090000","비과세"
"278540","KODEX MSCI Korea TR","2017/11/09","주식-시장대표","삼성자산운용","1.44","MSCI Korea TR Index","0.15","636550597996","-0.48","높음","실물(패시브)","0.090000","배당소득세(보유기간과세)"
"275280","KODEX MSCI모멘텀","2017/07/11","주식-전략-성장","삼성자산운용","26.22","MSCI Korea IMI Momentum Capped","0.88","11863174850","-0.43","매우높음","실물(패시브)","0.300000","비과세"
"275290","KODEX MSCI밸류","2017/07/11","주식-전략-가치","삼성자산운용","4.59","MSCI Korea IMI Enhanced Value Capped","1.25","9555171953","0.18","높음","실물(패시브)","0.300000","비과세"
"275300","KODEX MSCI퀄리티","2017/07/11","주식-전략-혼합/퀀트","삼성자산운용","0.75","MSCI Korea IMI Quality Capped","0.89","12235898935","0.03","높음","실물(패시브)","0.300000","비과세"
"269420","KODEX S&P글로벌인프라(합성)","2017/05/16","주식-업종섹터","삼성자산운용","21.29","S&P Global Infrastructure Index","1.04","18254687945","0.08","보통","합성(패시브)","0.260000","배당소득세(보유기간과세)"
"329650","KODEX TRF3070","2019/07/04","혼합자산-주식+채권","삼성자산운용","8.20","FnGuide TRF 3070 지수","1.49","228226093649","-0.12","매우낮음","실물(패시브)","0.240000","배당소득세(보유기간과세)"
"329660","KODEX TRF5050","2019/07/04","혼합자산-주식+채권","삼성자산운용","9.87","FnGuide TRF 5050 지수","1.92","84101860249","0.10","낮음","실물(패시브)","0.170000","배당소득세(보유기간과세)"
"329670","KODEX TRF7030","2019/07/04","혼합자산-주식+채권","삼성자산운용","10.71","FnGuide TRF 7030 지수","3.23","65600053391","-0.18","낮음","실물(패시브)","0.100000","배당소득세(보유기간과세)"
"395170","KODEX Top10동일가중","2021/07/30","주식-규모-대형주","삼성자산운용","-3.55","FnGuide TOP10 동일가중 지수","1.06","52731368764","-0.42","높음","실물(패시브)","0.150000","비과세"
"315930","KODEX Top5PlusTR","2019/01/22","주식-전략-전략테마","삼성자산운용","0.08","FnGuide TOP 5 Plus Total Return 지수","0.74","789367314335","-0.20","매우높음","실물(패시브)","0.150000","배당소득세(보유기간과세)"
"117700","KODEX 건설","2009/10/30","주식-업종섹터-건설","삼성자산운용","33.91","KRX 건설","1.09","56322457954","0.24","매우높음","실물(패시브)","0.450000","비과세"
"300950","KODEX 게임산업","2018/07/24","주식-업종섹터-업종테마","삼성자산운용","6.22","FnGuide 게임 산업 지수","0.32","23684074553","-0.03","매우높음","실물(패시브)","0.450000","비과세"
"266390","KODEX 경기소비재","2017/03/28","주식-업종섹터-경기소비재","삼성자산운용","11.55","KRX 경기소비재","1.01","4677747532","0.15","보통","실물(패시브)","0.450000","비과세"
"279530","KODEX 고배당","2017/10/17","주식-전략-배당","삼성자산운용","18.13","FnGuide 고배당 Plus 지수","1.87","58394549425","-0.13","낮음","실물(패시브)","0.300000","비과세"
"276990","KODEX 글로벌로봇(합성)","2017/08/17","주식-업종섹터-업종테마","삼성자산운용","2.88","ROBO Global Robotics & Automation UCITS Price Return Index","1.54","21901338482","0.16","높음","합성(패시브)","0.300000","배당소득세(보유기간과세)"
"476070","KODEX 글로벌비만치료제TOP2 Plus","2024/02/14","주식-업종섹터-업종테마","삼성자산운용","-23.44","iSelect 글로벌 비만치료제TOP2 Plus 지수(PR)","0.99","63108766884","-0.84","매우높음","실물(패시브)","0.450000","배당소득세(보유기간과세)"
"498410","KODEX 금융고배당TOP10타겟위클리커버드콜","2024/12/17","주식-전략-구조화","삼성자산운용","0.00","코스피 200 금융 고배당 TOP 10 타겟 분배 위클리 커버드콜 지수","4.68","272705332609","0.14","높음","실물(패시브)","0.390000","배당소득세(보유기간과세)"
"102960","KODEX 기계장비","2008/05/29","주식-업종섹터-산업재","삼성자산운용","35.77","KRX 기계장비","0.48","14587225996","0.19","매우높음","실물(패시브)","0.450000","비과세"
"404260","KODEX 기후변화솔루션","2021/10/29","주식-전략-전략테마","삼성자산운용","-7.45","KRX 기후변화 솔루션지수","0.69","10305105527","-0.70","매우높음","실물(패시브)","0.090000","비과세"
"487950","KODEX 대만테크고배당다우존스","2024/07/23","주식-전략-배당","삼성자산운용","0.00","Dow Jones Taiwan Technology Dividend 30 Index(TWD)(PR)","1.13","11266160507","1.03","매우높음","실물(패시브)","0.450000","배당소득세(보유기간과세)"
"122630","KODEX 레버리지","2010/02/22","주식-시장대표","삼성자산운용","3.74","코스피 200","4.67","2402674170835","-0.71","매우높음","실물(패시브)","0.640000","배당소득세(보유기간과세)"
"445290","KODEX 로봇액티브","2022/11/15","주식-업종섹터-업종테마","삼성자산운용","9.33","iSelect K-로봇테마 지수","6.22","134955171475","-0.30","매우높음","실물(액티브)","0.500000","배당소득세(보유기간과세)"
"337120","KODEX 멀티팩터","2019/11/14","주식-전략-혼합/퀀트","삼성자산운용","6.38","FnGuide 멀티팩터 지수","0.88","8328331790","0.28","보통","실물(패시브)","0.300000","비과세"
"401470","KODEX 메타버스액티브","2021/10/13","주식-업종섹터-업종테마","삼성자산운용","10.43","FnGuide K-메타버스 지수","6.85","115229834647","-0.45","높음","실물(액티브)","0.500000","배당소득세(보유기간과세)"
"244620","KODEX 모멘텀Plus","2016/05/13","주식-전략-성장","삼성자산운용","-2.77","FnGuide 모멘텀 Plus 지수","0.65","6955784159","-0.30","높음","실물(패시브)","0.300000","비과세"
"0041D0","KODEX 미국AI소프트웨어TOP10","2025/04/22","주식-업종섹터-업종테마","삼성자산운용","0.00","iSelect 미국 AI 소프트웨어 TOP10 지수(PR)","0.35","33536697302","0.04","매우높음","실물(패시브)","0.450000","배당소득세(보유기간과세)"
"487230","KODEX 미국AI전력핵심인프라","2024/07/09","주식-업종섹터-업종테마","삼성자산운용","0.00","iSelect 미국AI전력핵심인프라 지수(Price Return)","0.42","472617977304","0.39","매우높음","실물(패시브)","0.450000","배당소득세(보유기간과세)"
"485540","KODEX 미국AI테크TOP10","2024/06/25","주식-업종섹터-업종테마","삼성자산운용","0.00","KEDI 미국AI테크 TOP10 지수(PR)","0.32","125720127418","-0.02","매우높음","실물(패시브)","0.300000","배당소득세(보유기간과세)"
"483280","KODEX 미국AI테크TOP10타겟커버드콜","2024/05/28","주식-전략-구조화","삼성자산운용","-1.06","KEDI 미국 AI 테크 TOP10+15%프리미엄 지수(Total Return)","2.24","394971599976","-0.28","매우높음","실물(패시브)","0.390000","배당소득세(보유기간과세)"
"428560","KODEX 미국ETF산업Top10 Indxx","2022/05/17","주식-업종섹터-업종테마","삼성자산운용","23.24","Indxx US ETF Industry Top10 Index(Price Return)","0.65","14227707240","-0.05","높음","실물(패시브)","0.500000","배당소득세(보유기간과세)"
"379800","KODEX 미국S&P500","2021/04/09","주식-시장대표","삼성자산운용","12.28","S&P 500","0.09","4394490974157","0.01","높음","실물(패시브)","0.006000","배당소득세(보유기간과세)"
"449180","KODEX 미국S&P500(H)","2022/12/02","주식-시장대표","삼성자산운용","9.99","S&P 500","0.29","743047199975","0.06","높음","실물(패시브)","0.009000","배당소득세(보유기간과세)"
"453660","KODEX 미국S&P500경기소비재","2023/03/21","주식-업종섹터-경기소비재","삼성자산운용","18.50","S&P Consumer Discretionary Select Sector Index(Price Return)","0.27","11053118282","-0.63","매우높음","실물(패시브)","0.250000","배당소득세(보유기간과세)"
"453650","KODEX 미국S&P500금융","2023/03/21","주식-업종섹터-금융","삼성자산운용","20.54","S&P Financial Select Sector Index(Price Return)","0.34","48067424506","-0.33","높음","실물(패시브)","0.250000","배당소득세(보유기간과세)"
"0005A0","KODEX 미국S&P500데일리커버드콜OTM","2025/01/07","주식-전략-구조화","삼성자산운용","0.00","S&P 500 Covered Call 1% OTM Daily Index(TR)","0.84","98604302665","-0.33","높음","실물(패시브)","0.250000","배당소득세(보유기간과세)"
"276970","KODEX 미국S&P500배당귀족커버드콜(합성 H)","2017/08/10","주식-전략-구조화","삼성자산운용","-5.69","S&P500 Dividend Aristocrats Covered Call(7.2% Premium) Index","0.17","36791271006","0.60","보통","합성(패시브)","0.300000","배당소득세(보유기간과세)"
"0026E0","KODEX 미국S&P500버퍼3월액티브","2025/03/25","주식-전략-구조화","삼성자산운용","0.00","S&P500 10% Buffered Index March Series (USD) TR","1.33","96661874246","-0.17","매우높음","실물(액티브)","0.390000","배당소득세(보유기간과세)"
"200030","KODEX 미국S&P500산업재(합성)","2014/06/12","주식-업종섹터-산업재","삼성자산운용","16.99","S&P Select Sector Industrial Index","0.07","32089028119","-0.04","높음","합성(패시브)","0.250000","배당소득세(보유기간과세)"
"219480","KODEX 미국S&P500선물(H)","2015/05/29","주식-시장대표","삼성자산운용","9.64","S&P 500 Futures Total Return Index","0.56","158161416311","0.10","높음","실물(패시브)","0.050000","배당소득세(보유기간과세)"
"0041E0","KODEX 미국S&P500액티브","2025/04/22","주식-시장대표","삼성자산운용","0.00","S&P 500","1.96","22123716779","-0.33","높음","실물(액티브)","0.450000","배당소득세(보유기간과세)"
"218420","KODEX 미국S&P500에너지(합성)","2015/04/28","주식-업종섹터-에너지화학","삼성자산운용","-8.72","S&P Select Sector Energy Index","0.22","24028862893","-0.73","매우높음","합성(패시브)","0.250000","배당소득세(보유기간과세)"
"463640","KODEX 미국S&P500유틸리티","2023/08/01","주식-업종섹터-업종테마","삼성자산운용","13.79","S&P Utilities Select Sector Index(Price Return)","0.34","14115364209","-0.64","높음","실물(패시브)","0.250000","배당소득세(보유기간과세)"
"463690","KODEX 미국S&P500커뮤니케이션","2023/08/01","주식-업종섹터-커뮤니케이션서비스","삼성자산운용","21.53","S&P Communication Services Select Sector Index(Price Return)","0.48","10476557169","-0.20","매우높음","실물(패시브)","0.250000","배당소득세(보유기간과세)"
"463680","KODEX 미국S&P500테크놀로지","2023/08/01","주식-업종섹터-정보기술","삼성자산운용","10.05","S&P Technology Select Sector Index(Price Return)","0.46","22867416379","-0.05","매우높음","실물(패시브)","0.250000","배당소득세(보유기간과세)"
"453630","KODEX 미국S&P500필수소비재","2023/03/21","주식-업종섹터-생활소비재","삼성자산운용","3.73","S&P Consumer Staples Select Sector Index(Price Return)","0.33","11278337045","-0.44","높음","실물(패시브)","0.250000","배당소득세(보유기간과세)"
"453640","KODEX 미국S&P500헬스케어","2023/03/21","주식-업종섹터-헬스케어","삼성자산운용","-8.11","S&P Health Care Select Sector Index(Price Return)","0.43","24517037584","0.68","높음","실물(패시브)","0.250000","배당소득세(보유기간과세)"
"185680","KODEX 미국S&P바이오(합성)","2013/10/31","주식-업종섹터-헬스케어","삼성자산운용","-8.67","S&P Biotechnology Select Industry Index","0.24","14038967967","-0.36","매우높음","합성(패시브)","0.250000","배당소득세(보유기간과세)"
"0028X0","KODEX 미국금융테크액티브","2025/05/27","주식-업종섹터-업종테마","삼성자산운용","0.00","iSelect 미국 차세대 파이낸셜 테크 지수(시장가격)","0.41","20417699348","-0.09","높음","실물(액티브)","0.450000","배당소득세(보유기간과세)"
"379810","KODEX 미국나스닥100","2021/04/09","주식-시장대표","삼성자산운용","14.26","NASDAQ 100","0.09","2566622077474","0.06","매우높음","실물(패시브)","0.006000","배당소득세(보유기간과세)"
"449190","KODEX 미국나스닥100(H)","2022/12/02","주식-시장대표","삼성자산운용","12.46","NASDAQ 100","0.30","434825340919","0.08","매우높음","실물(패시브)","0.009000","배당소득세(보유기간과세)"
"494300","KODEX 미국나스닥100데일리커버드콜OTM","2024/10/22","주식-전략-구조화","삼성자산운용","0.00","NASDAQ-100 Daily Covered Call 101 Index(TR)","1.03","277254932089","-0.44","높음","실물(패시브)","0.250000","배당소득세(보유기간과세)"
"409820","KODEX 미국나스닥100레버리지(합성 H)","2021/12/09","주식-시장대표","삼성자산운용","17.25","NASDAQ 100","0.85","217828940074","-0.03","매우높음","합성(패시브)","0.300000","배당소득세(보유기간과세)"
"304940","KODEX 미국나스닥100선물(H)","2018/08/30","주식-시장대표","삼성자산운용","11.78","NASDAQ 100","0.85","118980666767","0.17","매우높음","실물(패시브)","0.050000","배당소득세(보유기간과세)"
"409810","KODEX 미국나스닥100선물인버스(H)","2021/12/09","주식-시장대표","삼성자산운용","-12.63","NASDAQ 100","0.87","20404293053","0.11","매우높음","실물(패시브)","0.300000","배당소득세(보유기간과세)"
"411420","KODEX 미국나스닥AI테크액티브","2021/12/22","주식-업종섹터-업종테마","삼성자산운용","32.24","Nasdaq CB Insights Metaverse US Index (Price Return)","11.84","55016929722","0.01","매우높음","실물(액티브)","0.500000","배당소득세(보유기간과세)"
"280930","KODEX 미국러셀2000(H)","2017/11/09","주식-시장대표","삼성자산운용","3.48","FTSE Russell 2000 Index","1.23","51583558426","0.30","매우높음","실물(패시브)","0.450000","배당소득세(보유기간과세)"
"390390","KODEX 미국반도체","2021/06/30","주식-업종섹터-업종테마","삼성자산운용","1.07","MVIS US Listed Semiconductor 25 Index","0.34","465432235000","0.16","매우높음","실물(패시브)","0.090000","배당소득세(보유기간과세)"
"489250","KODEX 미국배당다우존스","2024/08/13","주식-전략-배당","삼성자산운용","0.00","Dow Jones U.S. Dividend 100 Price Return Index","0.39","331984473816","-0.10","보통","실물(패시브)","0.009000","배당소득세(보유기간과세)"
"483290","KODEX 미국배당다우존스타겟커버드콜","2024/05/28","주식-전략-배당","삼성자산운용","-9.54","Dow Jones U.S. Dividend 100 10% Premium Covered Call Index(Total Return)","1.54","174306624281","-0.26","보통","실물(패시브)","0.390000","배당소득세(보유기간과세)"
"441640","KODEX 미국배당커버드콜액티브","2022/09/27","주식-시장대표","삼성자산운용","2.51","S&P 500","7.38","407138605887","-0.02","보통","실물(액티브)","0.190000","배당소득세(보유기간과세)"
"314250","KODEX 미국빅테크10(H)","2019/01/10","주식-업종섹터-업종테마","삼성자산운용","29.75","NYSE U.S. Big TECH 10 INDEX","0.50","665537613320","0.18","매우높음","실물(패시브)","0.450000","배당소득세(보유기간과세)"
"473460","KODEX 미국서학개미","2023/12/27","주식-전략-전략테마","삼성자산운용","43.31","iSelect 서학개미 지수(PR)","0.52","227858244881","0.08","매우높음","실물(패시브)","0.250000","배당소득세(보유기간과세)"
"390400","KODEX 미국스마트모빌리티S&P","2021/06/30","주식-업종섹터-업종테마","삼성자산운용","-0.70","S&P Kensho Smart Transportation","0.35","9138086668","-0.46","매우높음","실물(패시브)","0.090000","배당소득세(보유기간과세)"
"419420","KODEX 미국클린에너지나스닥","2022/03/22","주식-업종섹터-업종테마","삼성자산운용","-14.12","Nasdaq Clean Edge Green Energy Index (Price Return)","0.50","8728128457","-1.78","매우높음","실물(패시브)","0.450000","배당소득세(보유기간과세)"
"491090","KODEX 미국테크TOP3플러스","2024/09/10","주식-업종섹터-업종테마","삼성자산운용","0.00","KEDI 미국테크TOP3플러스 지수(Price Return)","0.24","23489859657","-0.17","매우높음","실물(패시브)","0.300000","배당소득세(보유기간과세)"
"0038A0","KODEX 미국휴머노이드로봇","2025/04/15","주식-업종섹터-업종테마","삼성자산운용","0.00","iSelect 미국 휴머노이드 로봇 지수(Price Return)","0.35","42726392789","-0.52","매우높음","실물(패시브)","0.450000","배당소득세(보유기간과세)"
"266360","KODEX 미디어&엔터테인먼트","2017/03/28","주식-업종섹터-정보기술","삼성자산운용","18.79","KRX 미디어&엔터테인먼트","0.24","45829376781","-0.07","높음","실물(패시브)","0.450000","비과세"
"244580","KODEX 바이오","2016/05/13","주식-업종섹터-업종테마","삼성자산운용","13.93","FnGuide 바이오 지수","1.17","143801705353","-0.12","매우높음","실물(패시브)","0.450000","비과세"
"091160","KODEX 반도체","2006/06/27","주식-업종섹터-정보기술","삼성자산운용","-21.74","KRX 반도체","0.78","652236678472","-0.20","매우높음","실물(패시브)","0.450000","비과세"
"494310","KODEX 반도체레버리지","2024/10/22","주식-업종섹터-정보기술","삼성자산운용","0.00","KRX 반도체","3.35","85479595849","-0.79","매우높음","실물(패시브)","0.490000","배당소득세(보유기간과세)"
"325020","KODEX 배당가치","2019/05/31","주식-전략-배당","삼성자산운용","7.51","FnGuide SLV 배당가치 지수","1.50","100985123377","0.16","보통","실물(패시브)","0.300000","비과세"
"211900","KODEX 배당성장","2014/12/17","주식-전략-배당","삼성자산운용","19.30","코스피 배당성장 50","1.42","23861004246","0.19","보통","실물(패시브)","0.150000","비과세"
"244670","KODEX 밸류Plus","2016/05/13","주식-전략-가치","삼성자산운용","14.41","FnGuide 벨류 Plus 지수","1.68","4908232198","-0.12","높음","실물(패시브)","0.300000","비과세"
"140700","KODEX 보험","2011/04/26","주식-업종섹터-금융","삼성자산운용","10.14","KRX 보험","2.04","26309712182","0.15","매우높음","실물(패시브)","0.450000","비과세"
"102780","KODEX 삼성그룹","2008/05/21","주식-전략-기업그룹","삼성자산운용","0.83","삼성그룹","0.61","1238918642215","0.16","높음","실물(패시브)","0.250000","비과세"
"213610","KODEX 삼성그룹밸류","2015/01/08","주식-전략-기업그룹","삼성자산운용","0.92","WISE 삼성그룹 밸류 인덱스","0.43","110098854192","-0.37","높음","실물(패시브)","0.090000","비과세"
"251350","KODEX 선진국MSCI World","2016/08/17","주식-시장대표","삼성자산운용","11.05","MSCI World","1.79","363862526413","0.14","보통","실물(패시브)","0.300000","배당소득세(해외주식투자전용ETF)"
"325010","KODEX 성장주","2019/05/31","주식-전략-성장","삼성자산운용","2.51","FnGuide 성장 지수(PR)","0.38","94774891910","-0.32","매우높음","실물(패시브)","0.300000","비과세"
"385510","KODEX 신재생에너지액티브","2021/05/25","주식-전략-전략테마","삼성자산운용","10.26","FnGuide K-신재생에너지 플러스 지수","11.47","123963985640","-0.22","매우높음","실물(액티브)","0.500000","배당소득세(보유기간과세)"
"446690","KODEX 아시아AI반도체exChina액티브","2023/02/01","주식-업종섹터-업종테마","삼성자산운용","-18.10","iSelect 아시아반도체 제조동맹 지수(시장가격)","9.18","8148129877","0.21","매우높음","실물(액티브)","0.500000","배당소득세(보유기간과세)"
"117460","KODEX 에너지화학","2009/10/12","주식-업종섹터-에너지화학","삼성자산운용","-28.72","KRX 에너지화학","0.56","22650695367","0.03","매우높음","실물(패시브)","0.450000","비과세"
"140710","KODEX 운송","2011/04/26","주식-업종섹터-산업재","삼성자산운용","23.54","KRX 운송","0.99","11243697411","0.21","매우높음","실물(패시브)","0.450000","비과세"
"395150","KODEX 웹툰&드라마","2021/07/30","주식-업종섹터-업종테마","삼성자산운용","-3.26","FnGuide 웹툰&드라마 지수","0.84","19618263986","-0.20","매우높음","실물(패시브)","0.450000","비과세"
"456250","KODEX 유럽명품TOP10 STOXX","2023/04/25","주식-업종섹터-업종테마","삼성자산운용","-2.26","STOXX Europe Luxury 10 Index(Price Return)","1.19","12530539806","-1.13","높음","실물(패시브)","0.450000","배당소득세(보유기간과세)"
"091170","KODEX 은행","2006/06/27","주식-업종섹터-금융","삼성자산운용","35.71","KRX 은행","2.55","333360239745","0.04","매우높음","실물(패시브)","0.300000","비과세"
"453810","KODEX 인도Nifty50","2023/04/21","주식-시장대표","삼성자산운용","3.05","Nifty 50 Index","0.26","444827818101","-0.36","보통","실물(패시브)","0.190000","배당소득세(보유기간과세)"
"453820","KODEX 인도Nifty50레버리지(합성)","2023/04/21","주식-시장대표","삼성자산운용","1.33","Nifty 50 Index","3.20","25077801337","0.34","매우높음","합성(패시브)","0.390000","배당소득세(보유기간과세)"
"0000H0","KODEX 인도Nifty미드캡100","2025/04/08","주식-규모-중형주","삼성자산운용","0.00","Nifty Midcap 100 Index(PR)","0.10","22175070756","0.02","매우높음","실물(패시브)","0.450000","배당소득세(보유기간과세)"
"477730","KODEX 인도타타그룹","2024/05/08","주식-전략-기업그룹","삼성자산운용","-10.79","Nifty India Corporate Group Index - Tata Group 25% Cap(PR)","1.76","39756865221","0.15","보통","실물(패시브)","0.450000","배당소득세(보유기간과세)"
"114800","KODEX 인버스","2009/09/16","주식-시장대표","삼성자산운용","-6.56","코스피 200 선물지수","0.17","598044921913","-0.10","높음","실물(패시브)","0.640000","배당소득세(보유기간과세)"
"101280","KODEX 일본TOPIX100","2008/02/20","주식-시장대표","삼성자산운용","6.52","TOPIX100","1.46","38449656983","0.49","높음","실물(패시브)","0.190000","배당소득세(해외주식투자전용ETF)"
"091180","KODEX 자동차","2006/06/27","주식-업종섹터-경기소비재","삼성자산운용","-15.22","KRX 자동차","1.81","466966271741","-0.22","매우높음","실물(패시브)","0.450000","비과세"
"385520","KODEX 자율주행액티브","2021/05/25","주식-전략-전략테마","삼성자산운용","-23.39","FnGuide K-미래차 지수","7.04","15733324929","0.23","매우높음","실물(액티브)","0.500000","배당소득세(보유기간과세)"
"102970","KODEX 증권","2008/05/29","주식-업종섹터-금융","삼성자산운용","73.09","KRX 증권","2.24","127352835067","0.13","매우높음","실물(패시브)","0.450000","비과세"
"419430","KODEX 차이나2차전지MSCI(합성)","2022/03/22","주식-업종섹터-업종테마","삼성자산운용","18.56","MSCI China all shares IMI Select Batteries Index(Price Return)","1.90","23115735211","-1.81","매우높음","합성(패시브)","0.250000","배당소득세(보유기간과세)"
"169950","KODEX 차이나A50","2013/01/21","주식-시장대표","삼성자산운용","12.15","FTSE China A50 Index","2.83","23070871436","-0.52","높음","실물(패시브)","0.120000","배당소득세(해외주식투자전용ETF)"
"428510","KODEX 차이나AI테크액티브","2022/05/17","주식-업종섹터-업종테마","삼성자산운용","10.16","Bloomberg Greater China Media & Tech Index(Price Return)","12.23","15765841453","-0.67","매우높음","실물(액티브)","0.500000","배당소득세(보유기간과세)"
"283580","KODEX 차이나CSI300","2017/12/13","주식-시장대표","삼성자산운용","8.73","CSI 300 Index","2.93","138419791810","-0.82","매우높음","실물(패시브)","0.120000","배당소득세(해외주식투자전용ETF)"
"099140","KODEX 차이나H","2007/10/10","주식-시장대표","삼성자산운용","36.37","Hang Seng China H","1.10","46465170576","-0.37","매우높음","실물(패시브)","0.120000","배당소득세(해외주식투자전용ETF)"
"204450","KODEX 차이나H레버리지(H)","2014/09/12","주식-시장대표","삼성자산운용","63.19","Hang Seng China H","3.08","57737845039","-0.82","매우높음","실물(패시브)","0.640000","배당소득세(보유기간과세)"
"415340","KODEX 차이나과창판STAR50(합성)","2022/01/13","주식-시장대표","삼성자산운용","32.82","STAR 50 Index(Price Return)","1.35","15971267977","-2.47","매우높음","합성(패시브)","0.090000","배당소득세(보유기간과세)"
"256750","KODEX 차이나심천ChiNext(합성)","2016/11/08","주식-시장대표","삼성자산운용","12.06","SZSE ChiNext Price Index","0.80","26914403285","-1.55","매우높음","합성(패시브)","0.470000","배당소득세(보유기간과세)"
"372330","KODEX 차이나항셍테크","2020/12/16","주식-업종섹터-업종테마","삼성자산운용","41.78","Hang Seng TECH Index","0.48","185044963417","-1.13","매우높음","실물(패시브)","0.120000","배당소득세(보유기간과세)"
"0048K0","KODEX 차이나휴머노이드로봇","2025/05/13","주식-업종섹터-업종테마","삼성자산운용","0.00","Solactive China Humanoid Robotics Index (CNH) (Price Return)","1.84","51282785098","-0.28","높음","실물(패시브)","0.450000","배당소득세(보유기간과세)"
"117680","KODEX 철강","2009/10/30","주식-업종섹터-철강소재","삼성자산운용","16.35","KRX 철강","1.69","16150517692","-0.31","매우높음","실물(패시브)","0.450000","비과세"
"279540","KODEX 최소변동성","2017/10/17","주식-전략-변동성","삼성자산운용","1.94","KRX 최소변동성지수","0.88","6755708584","0.27","보통","실물(패시브)","0.300000","비과세"
"445150","KODEX 친환경조선해운액티브","2022/11/15","주식-업종섹터-업종테마","삼성자산운용","103.57","FnGuide K-친환경 선박 지수","10.05","44951160170","0.14","매우높음","실물(액티브)","0.500000","배당소득세(보유기간과세)"
"495850","KODEX 코리아밸류업","2024/11/04","주식-시장대표","삼성자산운용","0.00","코리아 밸류업 지수","1.12","183386708101","0.08","높음","실물(패시브)","0.008000","비과세"
"373490","KODEX 코리아혁신성장액티브","2020/12/24","주식-전략-전략테마","삼성자산운용","-12.29","FnGuide K-이노베이션 지수","3.88","5997938003","-0.34","높음","실물(액티브)","0.500000","배당소득세(보유기간과세)"
"229200","KODEX 코스닥150","2015/10/01","주식-시장대표","삼성자산운용","-9.93","코스닥 150","0.21","1291662876593","-0.31","매우높음","실물(패시브)","0.250000","비과세"
"233740","KODEX 코스닥150레버리지","2015/12/17","주식-시장대표","삼성자산운용","-28.90","코스닥 150","6.73","2016779556178","-0.77","매우높음","실물(패시브)","0.640000","배당소득세(보유기간과세)"
"360150","KODEX 코스닥150롱코스피200숏선물","2020/08/21","주식-전략-전략테마","삼성자산운용","-14.03","코스닥150 롱 100% 코스피200 숏 100% 선물지수","1.52","6910665144","0.02","보통","실물(패시브)","0.640000","배당소득세(보유기간과세)"
"251340","KODEX 코스닥150선물인버스","2016/08/10","주식-시장대표","삼성자산운용","5.44","F-코스닥150 지수","0.57","240293987776","-0.47","매우높음","실물(패시브)","0.640000","배당소득세(보유기간과세)"
"461450","KODEX 코스닥글로벌","2023/06/29","주식-시장대표","삼성자산운용","-2.11","코스닥 글로벌 지수","0.25","11872761481","-0.49","매우높음","실물(패시브)","0.090000","비과세"
"226490","KODEX 코스피","2015/08/24","주식-시장대표","삼성자산운용","6.98","코스피","0.75","446890338959","-0.05","높음","실물(패시브)","0.150000","비과세"
"237350","KODEX 코스피100","2016/01/27","주식-시장대표","삼성자산운용","4.37","코스피 100","0.84","63637750505","0.14","높음","실물(패시브)","0.150000","비과세"
"359210","KODEX 코스피TR","2020/07/21","주식-시장대표","삼성자산운용","9.15","코스피 TR","0.27","48208376873","0.01","높음","실물(패시브)","0.070000","배당소득세(보유기간과세)"
"337140","KODEX 코스피대형주","2019/11/14","주식-규모-대형주","삼성자산운용","6.80","코스피 대형주","0.82","13783777252","-0.32","높음","실물(패시브)","0.150000","비과세"
"244660","KODEX 퀄리티Plus","2016/05/13","주식-전략-혼합/퀀트","삼성자산운용","-0.77","FnGuide 퀄리티 Plus 지수","0.77","4514366089","-0.26","보통","실물(패시브)","0.300000","비과세"
"375770","KODEX 탄소효율그린뉴딜","2021/02/05","주식-전략-전략테마","삼성자산운용","2.65","KRX/S&P 탄소효율 그린뉴딜지수","0.85","22905410272","-0.51","높음","실물(패시브)","0.090000","비과세"
"459560","KODEX 테슬라밸류체인FactSet","2023/06/08","주식-업종섹터-업종테마","삼성자산운용","11.31","FactSet TSLA Value Chain Index(PR)","44.45","20029129537","0.48","매우높음","실물(패시브)","0.180000","배당소득세(보유기간과세)"
"266410","KODEX 필수소비재","2017/03/28","주식-업종섹터-생활소비재","삼성자산운용","11.35","KRX 필수소비재","1.47","14196541610","0.17","높음","실물(패시브)","0.450000","비과세"
"298770","KODEX 한국대만IT프리미어","2018/06/11","주식-업종섹터-정보기술","삼성자산운용","4.06","한국 대만 IT 프리미어지수","1.92","27996205115","0.66","매우높음","실물(패시브)","0.550000","배당소득세(보유기간과세)"
"450190","KODEX 한중반도체(합성)","2022/12/22","주식-업종섹터-업종테마","삼성자산운용","19.05","KRX CSI 한·중 반도체지수","0.13","9574015244","-0.54","매우높음","합성(패시브)","0.250000","배당소득세(보유기간과세)"
"450180","KODEX 한중전기차(합성)","2022/12/22","주식-업종섹터-업종테마","삼성자산운용","-10.70","KRX CSI 한·중 전기차지수","0.13","5075615497","-0.05","매우높음","합성(패시브)","0.250000","배당소득세(보유기간과세)"
"266420","KODEX 헬스케어","2017/03/28","주식-업종섹터-헬스케어","삼성자산운용","20.96","KRX 헬스케어","0.35","75607508227","-0.39","매우높음","실물(패시브)","0.090000","비과세"
"364690","KODEX 혁신기술테마액티브","2020/09/29","주식-시장대표","삼성자산운용","8.65","코스피","4.95","9126288073","-0.53","높음","실물(액티브)","0.300000","배당소득세(보유기간과세)"
"105190","ACE 200","2008/09/25","주식-시장대표","한국투자신탁운용","4.67","코스피 200","0.78","466193166217","-0.13","높음","실물(패시브)","0.090000","비과세"
"332500","ACE 200TR","2019/08/28","주식-시장대표","한국투자신탁운용","6.90","코스피 200 TR","0.20","41082341879","-0.18","높음","실물(패시브)","0.030000","배당소득세(보유기간과세)"
"385600","ACE 2차전지&친환경차액티브","2021/05/25","주식-전략-전략테마","한국투자신탁운용","-51.34","FnGuide 친환경 자동차 밸류체인 지수","17.99","12846877597","-0.25","매우높음","실물(액티브)","0.290000","배당소득세(보유기간과세)"
"469150","ACE AI반도체포커스","2023/10/17","주식-업종섹터-업종테마","한국투자신탁운용","-22.77","FnGuide AI 반도체 포커스 지수(시장가격)","0.44","42206163300","-0.09","매우높음","실물(패시브)","0.300000","비과세"
"385590","ACE ESG액티브","2021/05/25","주식-전략-전략테마","한국투자신탁운용","4.28","MSCI Korea Country ESG Leaders Custom Capped Price return Index","5.25","20842472387","-0.40","높음","실물(액티브)","0.500000","배당소득세(보유기간과세)"
"380340","ACE Fn5G플러스","2021/04/02","주식-업종섹터-업종테마","한국투자신탁운용","-11.06","FnGuide 5G플러스 지수 (시장가격)","0.38","5700767462","-0.12","매우높음","실물(패시브)","0.350000","비과세"
"226380","ACE Fn성장소비주도주","2015/08/19","주식-전략-전략테마","한국투자신탁운용","10.46","FnGuide 성장소비주도 지수","0.45","6173799670","0.08","높음","실물(패시브)","0.500000","비과세"
"475050","ACE KPOP포커스","2024/01/30","주식-업종섹터-업종테마","한국투자신탁운용","65.40","iSelect K-POP 포커스지수(시장가격)","0.20","143157368764","0.01","매우높음","실물(패시브)","0.300000","비과세"
"483340","ACE 구글밸류체인액티브","2024/06/11","주식-업종섹터-업종테마","한국투자신탁운용","0.00","KEDI 글로벌 AI 클라우드 지수","11.24","21673690969","0.28","매우높음","실물(액티브)","0.450000","배당소득세(보유기간과세)"
"494340","ACE 글로벌AI맞춤형반도체","2024/10/22","주식-업종섹터-업종테마","한국투자신탁운용","0.00","Solactive AI Custom Semiconductor Index(PR)","0.21","13706775087","0.25","매우높음","실물(패시브)","0.450000","배당소득세(보유기간과세)"
"411050","ACE 글로벌메타버스테크액티브","2021/12/22","주식-업종섹터-업종테마","한국투자신탁운용","10.70","Bloomberg Global Digital Media & Tech Select Price Return Index","12.10","4248317192","-1.00","매우높음","실물(액티브)","0.500000","배당소득세(보유기간과세)"
"446770","ACE 글로벌반도체TOP4 Plus SOLACTIVE","2022/11/15","주식-업종섹터-업종테마","한국투자신탁운용","6.53","Solactive Global Semiconductor TOP4 Plus Price Return Index","2.94","342643405275","0.31","매우높음","실물(패시브)","0.450000","배당소득세(보유기간과세)"
"435040","ACE 글로벌브랜드TOP10블룸버그","2022/06/28","주식-전략-전략테마","한국투자신탁운용","10.43","Bloomberg Global Select Industry Leaders TOP10 Index(PR)","1.67","12512582858","0.28","높음","실물(패시브)","0.500000","배당소득세(보유기간과세)"
"497510","ACE 글로벌빅파마","2024/11/19","주식-업종섹터-업종테마","한국투자신탁운용","0.00","Solactive Global Big Pharma Index (Price Return)","0.92","7859310954","-0.35","높음","실물(패시브)","0.300000","배당소득세(보유기간과세)"
"414270","ACE 글로벌자율주행액티브","2022/02/15","주식-전략-전략테마","한국투자신탁운용","26.82","FactSet US-China Electric&Autonomous Vehicle Price Return Index","18.65","42624494226","0.60","매우높음","실물(액티브)","0.290000","배당소득세(보유기간과세)"
"494330","ACE 라이프자산주주가치액티브","2024/10/15","주식-전략-전략테마","한국투자신탁운용","0.00","FnGuide 기업가치 지수(시장가격)","9.23","35977167044","-0.49","보통","실물(액티브)","0.500000","배당소득세(보유기간과세)"
"265690","ACE 러시아MSCI(합성)","2017/03/21","주식-시장대표","한국투자신탁운용","-10.21","MSCI Russia 25% Capped Price Return Index","1.39","90026281","17440.07","매우낮음","합성(패시브)","0.000000","배당소득세(보유기간과세)"
"152500","ACE 레버리지","2012/01/27","주식-시장대표","한국투자신탁운용","4.61","코스피 200","4.25","11419038625","0.17","매우높음","실물(패시브)","0.300000","배당소득세(보유기간과세)"
"483330","ACE 마이크로소프트밸류체인액티브","2024/06/11","주식-업종섹터-업종테마","한국투자신탁운용","0.00","KEDI 글로벌생성형AI 지수","10.72","21830196113","0.18","매우높음","실물(액티브)","0.450000","배당소득세(보유기간과세)"
"291130","ACE 멕시코MSCI(합성)","2018/03/09","주식-시장대표","한국투자신탁운용","2.66","MSCI MEXICO IMI 25/50 Price return Index","1.82","13014093362","-1.28","매우높음","합성(패시브)","0.500000","배당소득세(보유기간과세)"
"480030","ACE 미국500데일리타겟커버드콜(합성)","2024/04/23","주식-전략-구조화","한국투자신탁운용","-7.41","Bloomberg US 500 Large Cap Premium Decrement 15% Distribution Index","0.69","152618472675","0.32","보통","합성(패시브)","0.450000","배당소득세(보유기간과세)"
"280320","ACE 미국IT인터넷S&P(합성 H)","2017/10/17","주식-업종섹터-정보기술","한국투자신탁운용","28.93","다우존스 인터넷 종합지수","0.85","16366676717","-0.77","매우높음","합성(패시브)","0.500000","배당소득세(보유기간과세)"
"360200","ACE 미국S&P500","2020/08/07","주식-시장대표","한국투자신탁운용","11.14","S&P 500","0.13","2070740616336","0.05","높음","실물(패시브)","0.070000","배당소득세(보유기간과세)"
"309230","ACE 미국WideMoat동일가중","2018/10/25","주식-전략-가치","한국투자신탁운용","4.83","MorningStar Wide Moat Focus Index","0.54","142077685384","0.07","높음","실물(패시브)","0.400000","배당소득세(보유기간과세)"
"367380","ACE 미국나스닥100","2020/10/29","주식-시장대표","한국투자신탁운용","13.54","NASDAQ 100","0.11","1532607657819","0.06","매우높음","실물(패시브)","0.070000","배당소득세(보유기간과세)"
"480040","ACE 미국반도체데일리타겟커버드콜(합성)","2024/04/23","주식-전략-구조화","한국투자신탁운용","-21.45","Bloomberg US Listed Semiconductor Premium Decrement 15% Distribution Index","0.72","82837341783","0.07","매우높음","합성(패시브)","0.450000","배당소득세(보유기간과세)"
"402970","ACE 미국배당다우존스","2021/10/21","주식-전략-배당","한국투자신탁운용","1.73","Dow Jones U.S. Dividend 100 Price Return Index","0.43","635700419123","0.01","보통","실물(패시브)","0.010000","배당소득세(보유기간과세)"
"0046Y0","ACE 미국배당퀄리티","2025/05/13","주식-전략-배당","한국투자신탁운용","0.00","WisdomTree U.S. Quality Dividend Growth Index (Price Return)","0.28","33082549881","0.01","높음","실물(패시브)","0.150000","배당소득세(보유기간과세)"
"0049M0","ACE 미국배당퀄리티+커버드콜액티브","2025/05/13","주식-전략-구조화","한국투자신탁운용","0.00","Bloomberg WisdomTree U.S. Quality Dividend & B500 Premium Decrement 50:50 Index","7.33","16144724452","0.05","보통","실물(액티브)","0.150000","배당소득세(보유기간과세)"
"480020","ACE 미국빅테크7+데일리타겟커버드콜(합성)","2024/04/23","주식-전략-구조화","한국투자신탁운용","-8.69","Bloomberg US Big Tech Top 7 Plus Premium Decrement 15% Distribution Index","0.70","175975482415","0.14","매우높음","합성(패시브)","0.450000","배당소득세(보유기간과세)"
"465580","ACE 미국빅테크TOP7 Plus","2023/09/12","주식-업종섹터-업종테마","한국투자신탁운용","18.22","Solactive US Big Tech Top 7 Plus Price Return Index","0.18","693229393595","0.08","매우높음","실물(패시브)","0.300000","배당소득세(보유기간과세)"
"465610","ACE 미국빅테크TOP7 Plus레버리지(합성)","2023/09/12","주식-업종섹터-업종테마","한국투자신탁운용","20.50","Solactive US Big Tech Top 7 Plus Price Return Index","0.78","98447186221","-0.01","매우높음","합성(패시브)","0.600000","배당소득세(보유기간과세)"
"465620","ACE 미국빅테크TOP7 Plus인버스(합성)","2023/09/12","주식-업종섹터-업종테마","한국투자신탁운용","-23.45","Solactive US Big Tech Top 7 Plus Price Return Index","1.40","2500474649","0.53","매우높음","합성(패시브)","0.600000","배당소득세(보유기간과세)"
"473590","ACE 미국주식베스트셀러","2023/12/27","주식-전략-전략테마","한국투자신탁운용","39.07","FnGuide 미국 주식 베스트셀러 지수(시장가격지수)","0.71","93726496299","-0.01","매우높음","실물(패시브)","0.300000","배당소득세(보유기간과세)"
"0008E0","ACE 미국중심중소형제조업","2025/01/21","주식-업종섹터-업종테마","한국투자신탁운용","0.00","NYSE FactSet US Focus Manufacturing Index(Price Return)","0.41","3982391039","-0.28","매우높음","실물(패시브)","0.450000","배당소득세(보유기간과세)"
"391600","ACE 미국친환경그린테마INDXX","2021/08/05","주식-전략-전략테마","한국투자신탁운용","-4.38","Indxx US Green Infrastructure Price return Index","0.67","12015775869","0.43","매우높음","실물(패시브)","0.700000","배당소득세(보유기간과세)"
"245710","ACE 베트남VN30(합성)","2016/07/01","주식-시장대표","한국투자신탁운용","3.67","VN30 Index(PR)","0.19","224939742146","0.32","보통","합성(패시브)","0.700000","배당소득세(보유기간과세)"
"131890","ACE 삼성그룹동일가중","2010/09/17","주식-전략-기업그룹","한국투자신탁운용","12.01","MKF SAMs EW 지수","0.61","9801146574","-0.11","높음","실물(패시브)","0.150000","비과세"
"108450","ACE 삼성그룹섹터가중","2009/02/03","주식-전략-기업그룹","한국투자신탁운용","1.78","MKF SAMs SW","0.35","45375819515","0.16","높음","실물(패시브)","0.150000","비과세"
"277540","ACE 아시아TOP50S&P","2017/08/23","주식-시장대표","한국투자신탁운용","21.15","S&P ASIA50 Price Return Index","3.50","16086954263","0.14","매우높음","실물(패시브)","0.700000","배당소득세(보유기간과세)"
"483420","ACE 애플밸류체인액티브","2024/06/11","주식-업종섹터-업종테마","한국투자신탁운용","0.00","Bloomberg Top 30 Supply Chain Plus Apple Price Return Index","21.15","11438737168","0.23","매우높음","실물(액티브)","0.450000","배당소득세(보유기간과세)"
"483320","ACE 엔비디아밸류체인액티브","2024/06/11","주식-업종섹터-업종테마","한국투자신탁운용","0.00","KEDI 글로벌AI반도체 지수","14.64","192873844625","-0.93","매우높음","실물(액티브)","0.450000","배당소득세(보유기간과세)"
"433500","ACE 원자력테마딥서치","2022/06/28","주식-업종섹터-업종테마","한국투자신탁운용","61.95","DeepSearch 원자력테마 지수 (시장가격지수)","2.28","35945987421","-0.11","매우높음","실물(패시브)","0.300000","비과세"
"256440","ACE 인도네시아MSCI(합성)","2016/11/01","주식-시장대표","한국투자신탁운용","-8.95","MSCI Indonesia Index","0.16","30235151612","0.13","높음","합성(패시브)","0.700000","배당소득세(보유기간과세)"
"487920","ACE 인도시장대표BIG5그룹액티브","2024/09/10","주식-전략-기업그룹","한국투자신탁운용","0.00","Indxx India Big 5 Conglomerates Index (Price Return)","4.82","10889592725","-0.02","높음","실물(액티브)","0.450000","배당소득세(보유기간과세)"
"487910","ACE 인도컨슈머파워액티브","2024/09/10","주식-업종섹터-업종테마","한국투자신탁운용","0.00","Indxx India Super Consumption Index (Price Return)","7.72","50994906647","0.21","높음","실물(액티브)","0.450000","배당소득세(보유기간과세)"
"145670","ACE 인버스","2011/09/08","주식-시장대표","한국투자신탁운용","-5.86","코스피 200 선물지수","0.29","2448762698","0.05","높음","실물(패시브)","0.150000","배당소득세(보유기간과세)"
"497520","ACE 일라이릴리밸류체인","2024/11/19","주식-업종섹터-업종테마","한국투자신탁운용","0.00","Solactive Eli Lilly Value Chain Index(PR)","3.25","7965268418","-0.67","높음","실물(패시브)","0.450000","배당소득세(보유기간과세)"
"238720","ACE 일본Nikkei225(H)","2016/03/03","주식-시장대표","한국투자신탁운용","-0.27","Nikkei 225","1.44","21798979288","0.41","매우높음","실물(패시브)","0.300000","배당소득세(해외주식투자전용ETF)"
"196030","ACE 일본TOPIX레버리지(H)","2014/06/16","주식-시장대표","한국투자신탁운용","-5.65","TOPIX","8.56","21400232279","0.09","매우높음","실물(패시브)","0.500000","배당소득세(보유기간과세)"
"205720","ACE 일본TOPIX인버스(합성 H)","2014/09/29","주식-시장대표","한국투자신탁운용","-10.10","TOPIX","1.55","5573876240","-0.32","매우높음","합성(패시브)","0.500000","배당소득세(보유기간과세)"
"469160","ACE 일본반도체","2023/10/17","주식-업종섹터-업종테마","한국투자신탁운용","-13.04","Bloomberg Japan Semiconductor Select Top 25 Index(Price Return)","0.89","14300547003","0.95","매우높음","실물(패시브)","0.450000","배당소득세(보유기간과세)"
"447430","ACE 주주환원가치주액티브","2022/11/15","주식-전략-가치","한국투자신탁운용","25.25","FnGuide 올라운드 가치주 지수","11.16","57203938635","-0.16","보통","실물(액티브)","0.700000","배당소득세(보유기간과세)"
"416090","ACE 중국과창판STAR50","2022/01/13","주식-시장대표","한국투자신탁운용","29.87","STAR 50 Index(Price Return)","2.41","6660685930","-3.66","매우높음","실물(패시브)","0.500000","배당소득세(보유기간과세)"
"168580","ACE 중국본토CSI300","2012/11/29","주식-시장대표","한국투자신탁운용","9.52","CSI 300 Index","3.92","105078161769","-1.29","높음","실물(패시브)","0.700000","배당소득세(해외주식투자전용ETF)"
"219900","ACE 중국본토CSI300레버리지(합성)","2015/05/28","주식-시장대표","한국투자신탁운용","8.40","CSI 300 Index","4.33","5632206781","-1.46","매우높음","합성(패시브)","0.500000","배당소득세(보유기간과세)"
"371870","ACE 차이나항셍테크","2020/12/16","주식-업종섹터-업종테마","한국투자신탁운용","43.63","Hang Seng TECH Index","0.71","18255757999","-1.29","매우높음","실물(패시브)","0.250000","배당소득세(보유기간과세)"
"496120","ACE 코리아밸류업","2024/11/04","주식-시장대표","한국투자신탁운용","0.00","코리아 밸류업 지수","1.07","10411504854","-0.37","높음","실물(패시브)","0.090000","비과세"
"354500","ACE 코스닥150","2020/05/07","주식-시장대표","한국투자신탁운용","-9.94","코스닥 150","0.19","21492793565","-0.42","매우높음","실물(패시브)","0.020000","비과세"
"305050","ACE 코스피","2018/10/05","주식-시장대표","한국투자신탁운용","7.04","코스피","0.67","8901191468","0.18","높음","실물(패시브)","0.020000","비과세"
"457480","ACE 테슬라밸류체인액티브","2023/05/16","주식-업종섹터-업종테마","한국투자신탁운용","37.90","Bloomberg EV Supporters Plus Tesla Price Return Index","33.50","1032825624589","1.62","매우높음","실물(액티브)","0.290000","배당소득세(보유기간과세)"
"469170","ACE 포스코그룹포커스","2023/10/17","주식-전략-기업그룹","한국투자신탁운용","-30.99","FnGuide 포스코그룹포커스 지수(시장가격)","0.93","48706152351","-0.40","매우높음","실물(패시브)","0.300000","비과세"
"261920","ACE 필리핀MSCI(합성)","2016/12/28","주식-시장대표","한국투자신탁운용","5.86","MSCI Philippines IMI Index","0.13","5630742123","-1.19","높음","합성(패시브)","0.500000","배당소득세(보유기간과세)"
